timestamp,internal_temp_c,external_temp_c,battery_voltage_v,battery_current_a,battery_soc_percent,battery_capacity_ah,energy_available_kwh,power_load_kw,energy_loss_percent,tank_pressure_bar,structural_integrity,critical_modules_status,telemetry_link_status,estimated_autonomy_min,launch_decision
2026-03-19 19:59:26,23,30,48.7,70.24,100,99,4.82,10.7,3.33,118.77,1,1,1,102,READY
2026-03-19 20:00:26,34,-4,50.07,101.39,65,105,3.42,12.53,3.98,126.49,1,1,1,69,READY
2026-03-19 20:01:26,24,6,47.56,30.79,68,101,3.27,13.43,2.79,96.55,1,1,1,72,READY
2026-03-19 20:02:26,20,26,51.31,65.48,80,117,4.8,11.93,3.49,137.47,1,1,1,94,READY
2026-03-19 20:03:26,24,28,51.19,73.15,92,84,3.96,24.59,3.06,116.19,1,1,1,106,READY
2026-03-19 20:04:26,33,10,48.6,34.85,76,81,2.99,24.25,2.41,138.72,1,1,1,71,READY
2026-03-19 20:05:26,20,15,51.3,95.09,91,101,4.71,23.83,3.59,117.81,1,1,1,81,READY
2026-03-19 20:06:26,21,27,47.25,30.76,90,117,4.98,14.94,4.91,106.45,1,1,1,151,READY
2026-03-19 20:07:26,22,27,51.96,89.28,99,95,4.89,24.99,7.62,126.15,1,1,1,177,READY
2026-03-19 20:08:26,31,20,46.56,80.14,67,82,2.56,13.32,7.18,133.75,1,1,1,77,READY
2026-03-19 20:09:26,34,7,48.52,94.06,76,116,4.28,24.03,4.85,132.95,1,1,1,132,READY
2026-03-19 20:10:26,28,6,49.7,56.56,64,114,3.63,5.3,6.86,104.63,1,1,1,165,READY
2026-03-19 20:11:26,26,12,49.4,61.26,81,112,4.48,13.5,5.12,113.89,1,1,1,60,READY
2026-03-19 20:12:26,19,2,51.91,74.43,99,85,4.37,18.21,4.31,123.04,1,1,1,151,READY
2026-03-19 20:13:26,24,4,50.14,47.26,100,108,5.41,5.85,5.85,113.95,1,1,1,110,READY
2026-03-19 20:14:26,32,21,46.92,88.55,75,95,3.34,15.73,6.22,100.37,1,1,1,69,READY
2026-03-19 20:15:26,20,-3,50.15,49.63,81,112,4.55,22.2,4.59,107.43,1,1,1,60,READY
2026-03-19 20:16:26,25,16,49.29,71.64,65,111,3.56,20.59,3.76,112.77,1,1,1,93,READY
2026-03-19 20:17:26,29,27,51.54,47.92,80,115,4.74,18.63,2.29,100.23,1,1,1,132,READY
2026-03-19 20:18:26,20,15,47.91,90.11,66,86,2.72,5.58,2.1,114.25,1,1,1,88,READY
2026-03-19 20:19:26,34,5,50.61,87.75,75,80,3.04,19.45,2.77,130.97,1,1,1,121,READY
2026-03-19 20:20:26,23,17,51.34,108.67,80,98,4.03,14.31,6.54,130.36,1,1,1,178,READY
2026-03-19 20:21:26,29,22,51.16,84.11,97,97,4.81,12.57,6.46,123.81,1,1,1,123,READY
2026-03-19 20:22:26,25,8,46.87,66.39,66,102,3.16,24.29,7.04,141.0,1,1,1,92,READY
2026-03-19 20:23:26,30,7,46.58,92.62,80,108,4.02,7.33,6.78,98.03,1,1,1,51,READY
2026-03-19 20:24:26,30,27,46.62,90.85,84,98,3.84,19.01,6.71,113.87,1,1,1,62,READY
2026-03-19 20:25:26,19,26,49.32,49.8,75,105,3.88,20.69,7.38,97.81,1,1,1,96,READY
2026-03-19 20:26:26,30,19,50.47,104.76,85,82,3.52,23.3,5.47,138.08,1,1,1,108,READY
2026-03-19 20:27:26,25,27,46.33,22.23,87,106,4.27,15.32,3.96,98.69,1,1,1,101,READY
2026-03-19 20:28:26,19,9,51.31,107.39,97,112,5.57,20.3,2.68,98.53,1,1,1,157,READY
2026-03-19 20:29:26,33,5,47.82,119.64,78,112,4.18,23.54,3.57,113.38,1,1,1,153,READY
2026-03-19 20:30:26,24,27,47.2,119.96,100,87,4.11,9.57,6.78,107.99,1,1,1,52,READY
2026-03-19 20:31:26,20,-5,51.55,49.89,86,98,4.34,6.92,3.66,108.29,1,1,1,122,READY
2026-03-19 20:32:26,26,16,51.81,112.13,85,103,4.54,10.19,5.55,114.51,1,1,1,88,READY
2026-03-19 20:33:26,27,26,47.19,82.18,90,98,4.16,20.88,5.52,131.13,1,1,1,149,READY
2026-03-19 20:34:26,35,12,51.99,75.87,89,111,5.14,18.64,2.95,113.69,1,1,1,116,READY
2026-03-19 20:35:26,25,-2,47.82,39.69,82,101,3.96,16.09,3.83,110.75,1,1,1,46,READY
2026-03-19 20:36:26,33,11,48.54,64.72,79,102,3.91,16.54,2.85,134.01,1,1,1,177,READY
2026-03-19 20:37:26,32,7,51.19,101.78,73,105,3.92,15.5,7.55,103.34,1,1,1,65,READY
2026-03-19 20:38:26,29,0,47.61,100.61,92,95,4.16,5.96,6.58,110.63,1,1,1,62,READY
2026-03-19 20:39:26,30,22,51.56,92.34,89,102,4.68,13.24,4.04,125.38,1,1,1,148,READY
2026-03-19 20:40:26,21,7,48.9,110.12,100,91,4.45,12.99,5.44,125.33,1,1,1,150,READY
2026-03-19 20:41:26,23,7,50.01,62.4,76,100,3.8,13.73,6.25,98.08,1,1,1,102,READY
2026-03-19 20:42:26,21,0,48.8,62.99,99,110,5.31,16.04,6.09,142.5,1,1,1,143,READY
2026-03-19 20:43:26,28,22,48.91,63.11,91,116,5.16,7.55,6.02,104.84,1,1,1,79,READY
2026-03-19 20:44:26,20,14,48.94,25.96,77,81,3.05,10.05,6.96,120.66,1,1,1,86,READY
2026-03-19 20:45:26,21,23,46.18,79.82,89,91,3.74,22.59,3.31,115.09,1,1,1,87,READY
2026-03-19 20:46:26,18,-3,46.7,116.28,61,108,3.08,5.52,4.28,114.12,1,1,1,109,READY
2026-03-19 20:47:26,21,3,48.59,85.97,78,117,4.43,22.96,7.4,144.77,1,1,1,145,READY
2026-03-19 20:48:26,18,7,47.53,38.0,86,106,4.33,18.48,4.3,139.12,1,1,1,66,READY
2026-03-19 20:49:26,24,15,51.1,63.54,77,94,3.7,13.45,7.24,115.59,1,1,1,66,READY
2026-03-19 20:50:26,21,26,51.07,21.56,90,98,4.5,24.42,2.12,138.61,1,1,1,85,READY
2026-03-19 20:51:26,22,29,47.96,99.96,90,88,3.8,22.79,2.4,100.84,1,1,1,46,READY
2026-03-19 20:52:26,28,10,49.31,56.52,73,111,4.0,10.54,5.68,117.45,1,1,1,102,READY
2026-03-19 20:53:26,20,-1,49.79,31.61,88,102,4.47,21.43,7.27,103.98,1,1,1,76,READY
2026-03-19 20:54:26,31,2,49.49,97.77,83,89,3.66,9.97,2.74,110.31,1,1,1,62,READY
2026-03-19 20:55:26,34,23,49.49,87.23,76,90,3.39,15.14,4.47,122.49,1,1,1,150,READY
2026-03-19 20:56:26,20,-5,49.93,111.36,77,93,3.58,14.74,4.31,110.12,1,1,1,165,READY
2026-03-19 20:57:26,28,-1,47.72,20.84,87,118,4.9,21.08,7.25,118.24,1,1,1,79,READY
2026-03-19 20:58:26,26,3,49.95,104.63,83,105,4.35,6.25,2.3,100.94,1,1,1,139,READY
2026-03-19 20:59:26,24,17,51.54,86.58,84,118,5.11,13.41,6.59,100.17,1,1,1,178,READY
2026-03-19 21:00:26,31,-4,48.73,72.85,74,111,4.0,21.51,5.76,139.96,1,1,1,77,READY
2026-03-19 21:01:26,32,22,48.81,40.17,87,115,4.88,6.1,6.61,100.97,1,1,1,162,READY
2026-03-19 21:02:26,35,30,50.35,61.09,79,112,4.45,6.59,4.03,109.25,1,1,1,120,READY
2026-03-19 21:03:26,31,2,49.49,88.98,88,113,4.92,9.23,3.59,118.73,1,1,1,73,READY
2026-03-19 21:04:26,27,13,48.59,109.65,79,120,4.61,13.97,5.22,134.18,1,1,1,155,READY
2026-03-19 21:05:26,19,9,46.47,96.05,68,93,2.94,21.06,2.73,115.38,1,1,1,159,READY
2026-03-19 21:06:26,18,11,51.8,113.38,60,99,3.08,7.42,3.6,143.99,1,1,1,94,READY
2026-03-19 21:07:26,33,5,47.02,107.74,68,105,3.36,13.62,5.53,140.48,1,1,1,152,READY
2026-03-19 21:08:26,33,15,48.54,112.3,81,96,3.77,10.57,4.72,144.51,1,1,1,52,READY
2026-03-19 21:09:26,19,20,51.15,114.75,63,105,3.38,11.24,6.39,116.27,1,1,1,145,READY
2026-03-19 21:10:26,34,0,48.63,33.06,99,111,5.34,18.03,3.22,107.27,1,1,1,146,READY
2026-03-19 21:11:26,26,27,51.86,37.3,92,97,4.63,8.17,2.42,144.08,1,1,1,52,READY
2026-03-19 21:12:26,23,21,51.23,111.91,81,110,4.56,10.04,4.9,140.95,1,1,1,125,READY
2026-03-19 21:13:26,26,7,47.3,96.02,91,113,4.86,7.06,6.34,141.59,1,1,1,173,READY
2026-03-19 21:14:26,35,24,48.52,112.18,94,98,4.47,18.56,4.57,142.37,1,1,1,162,READY
2026-03-19 21:15:26,30,10,47.94,72.76,81,109,4.23,6.89,6.51,105.63,1,1,1,53,READY
2026-03-19 21:16:26,33,29,49.13,115.94,62,84,2.56,7.43,7.26,128.99,1,1,1,67,READY
2026-03-19 21:17:26,30,21,47.63,89.91,89,105,4.45,24.16,4.1,102.62,1,1,1,122,READY
2026-03-19 21:18:26,31,18,48.84,34.44,98,105,5.03,10.85,5.92,119.82,1,1,1,124,READY
2026-03-19 21:19:26,25,11,47.46,35.9,69,93,3.05,20.85,7.07,138.56,1,1,1,124,READY
2026-03-19 21:20:26,24,5,46.25,33.02,86,102,4.06,19.15,7.6,113.43,1,1,1,136,READY
2026-03-19 21:21:26,29,30,47.29,42.07,92,90,3.92,9.47,6.97,95.23,1,1,1,53,READY
2026-03-19 21:22:26,29,6,49.33,40.17,78,82,3.16,7.3,6.45,143.72,1,1,1,125,READY
2026-03-19 21:23:26,30,2,49.94,91.03,71,80,2.84,9.83,3.18,112.37,1,1,1,166,READY
2026-03-19 21:24:26,23,14,50.95,23.16,93,117,5.54,13.19,6.08,108.64,1,1,1,70,READY
2026-03-19 21:25:26,32,6,49.37,107.52,78,88,3.39,17.52,7.33,130.66,1,1,1,146,READY
2026-03-19 21:26:26,31,21,47.74,58.82,76,117,4.24,18.97,6.82,123.06,1,1,1,126,READY
2026-03-19 21:27:26,26,15,46.07,36.82,96,96,4.25,9.76,5.37,143.55,1,1,1,167,READY
2026-03-19 21:28:26,24,17,51.61,87.24,86,100,4.44,22.72,7.85,112.6,1,1,1,82,READY
2026-03-19 21:29:26,30,5,47.57,47.94,78,93,3.45,9.68,3.39,103.36,1,1,1,110,READY
2026-03-19 21:30:26,29,-5,51.63,71.18,65,80,2.68,9.42,2.37,111.68,1,1,1,113,READY
2026-03-19 21:31:26,20,12,50.5,93.74,89,114,5.12,10.91,5.28,132.02,1,1,1,152,READY
2026-03-19 21:32:26,23,25,49.21,103.96,73,85,3.05,20.89,5.93,138.45,1,1,1,118,READY
2026-03-19 21:33:26,26,16,50.98,67.79,80,88,3.59,24.09,5.34,106.35,1,1,1,89,READY
2026-03-19 21:34:26,20,5,48.38,102.82,92,96,4.27,5.38,7.49,118.82,1,1,1,103,READY
2026-03-19 21:35:26,22,28,46.57,83.86,68,104,3.29,20.71,3.43,95.49,1,1,1,84,READY
2026-03-19 21:36:26,27,15,49.3,73.31,86,98,4.15,14.37,7.3,142.06,1,1,1,55,READY
2026-03-19 21:37:26,35,2,47.39,43.54,71,84,2.83,13.37,2.9,97.2,1,1,1,144,READY
2026-03-19 21:38:26,24,22,51.95,96.89,94,91,4.44,19.77,4.42,135.24,1,1,1,150,READY
2026-03-19 21:39:26,25,27,48.8,43.55,66,99,3.19,23.2,3.38,119.54,1,1,1,84,READY
2026-03-19 21:40:26,27,3,47.83,52.93,66,89,2.81,6.5,6.95,96.84,1,1,1,98,READY
2026-03-19 21:41:26,23,-5,49.15,35.48,88,94,4.07,17.08,7.49,110.4,1,1,1,77,READY
2026-03-19 21:42:26,33,23,46.77,67.29,65,114,3.47,11.13,5.99,102.44,1,1,1,77,READY
2026-03-19 21:43:26,33,24,48.27,75.47,69,113,3.76,12.35,5.2,105.42,1,1,1,110,READY
2026-03-19 21:44:26,27,29,46.15,87.39,75,88,3.05,18.99,7.58,97.01,1,1,1,92,READY
2026-03-19 21:45:26,26,29,48.55,30.79,74,107,3.84,9.63,5.66,126.66,1,1,1,82,READY
2026-03-19 21:46:26,19,4,49.99,108.99,89,96,4.27,24.92,6.52,117.19,1,1,1,132,READY
2026-03-19 21:47:26,20,26,47.53,62.44,69,110,3.61,15.75,4.36,143.8,1,1,1,144,READY
2026-03-19 21:48:26,23,26,46.5,104.96,64,83,2.47,16.33,3.38,97.5,1,1,1,165,READY
2026-03-19 21:49:26,32,30,46.85,44.3,67,89,2.79,11.06,4.28,131.54,1,1,1,65,READY
2026-03-19 21:50:26,34,18,48.99,39.48,87,109,4.65,24.93,5.04,97.16,1,1,1,93,READY
2026-03-19 21:51:26,35,-5,50.68,80.05,78,106,4.19,24.98,3.6,140.02,1,1,1,89,READY
2026-03-19 21:52:26,30,0,47.29,105.77,86,119,4.84,10.71,7.93,125.12,1,1,1,150,READY
2026-03-19 21:53:26,20,2,48.39,75.34,96,81,3.76,10.16,3.1,130.57,1,1,1,128,READY
2026-03-19 21:54:26,20,-1,50.4,109.5,93,97,4.55,18.52,5.03,127.52,1,1,1,67,READY
2026-03-19 21:55:26,18,15,48.77,40.86,67,95,3.1,16.47,4.9,123.69,1,1,1,96,READY
2026-03-19 21:56:26,28,26,48.72,74.57,75,115,4.2,11.0,7.17,123.33,1,1,1,180,READY
2026-03-19 21:57:26,25,-1,49.33,104.1,88,100,4.34,14.21,4.8,141.64,1,1,1,142,READY
2026-03-19 21:58:26,22,29,46.98,60.76,98,100,4.6,20.01,2.85,137.41,1,1,1,52,READY
2026-03-19 21:59:26,33,16,48.01,74.8,64,100,3.07,21.24,3.6,114.75,1,1,1,125,READY
2026-03-19 22:00:26,24,2,48.46,87.49,81,112,4.4,13.11,3.8,125.38,1,1,1,76,READY
2026-03-19 22:01:26,25,14,49.94,115.47,62,83,2.57,16.29,6.07,105.98,1,1,1,52,READY
2026-03-19 22:02:26,19,22,50.49,52.23,89,88,3.95,8.39,3.45,134.6,1,1,1,139,READY
2026-03-19 22:03:26,26,-2,49.89,57.46,100,103,5.14,18.73,2.85,117.59,1,1,1,92,READY
2026-03-19 22:04:26,25,21,49.76,97.75,96,87,4.16,20.03,5.12,138.32,1,1,1,56,READY
2026-03-19 22:05:26,29,12,49.94,66.01,60,84,2.52,18.6,7.41,127.01,1,1,1,162,READY
2026-03-19 22:06:26,35,-4,50.03,30.66,87,108,4.7,16.97,5.01,117.18,1,1,1,92,READY
2026-03-19 22:07:26,34,23,47.38,22.45,78,105,3.88,9.97,2.29,120.06,1,1,1,84,READY
2026-03-19 22:08:26,30,28,46.91,38.23,97,85,3.87,24.51,6.11,97.6,1,1,1,105,READY
2026-03-19 22:09:26,21,15,50.65,90.89,63,97,3.1,18.75,5.1,131.77,1,1,1,155,READY
2026-03-19 22:10:26,23,4,46.4,26.93,70,87,2.83,20.13,2.15,111.46,1,1,1,142,READY
2026-03-19 22:11:26,18,29,46.64,64.73,81,95,3.59,12.9,7.19,104.9,1,1,1,82,READY
2026-03-19 22:12:26,35,25,50.5,75.45,86,119,5.17,13.52,6.42,106.88,1,1,1,153,READY
2026-03-19 22:13:26,34,4,49.19,59.07,95,106,4.95,19.02,5.39,123.72,1,1,1,87,READY
2026-03-19 22:14:26,28,21,50.32,101.69,99,92,4.58,24.33,6.23,103.04,1,1,1,135,READY
2026-03-19 22:15:26,27,3,49.33,108.72,83,112,4.59,12.62,4.2,113.11,1,1,1,102,READY
2026-03-19 22:16:26,20,28,47.38,113.87,60,110,3.13,14.08,4.92,143.83,1,1,1,96,READY
2026-03-19 22:17:26,27,10,50.14,105.92,77,103,3.98,9.88,4.1,127.36,1,1,1,77,READY
2026-03-19 22:18:26,28,17,47.31,82.04,73,80,2.76,23.8,2.19,104.94,1,1,1,134,READY
2026-03-19 22:19:26,26,18,50.23,92.54,97,111,5.41,8.65,2.69,125.03,1,1,1,53,READY
2026-03-19 22:20:26,30,27,48.33,117.85,79,103,3.93,22.59,2.18,108.33,1,1,1,122,READY
2026-03-19 22:21:26,26,-3,48.64,92.45,60,110,3.21,15.05,5.24,100.91,1,1,1,57,READY
2026-03-19 22:22:26,21,0,47.67,32.71,72,96,3.3,5.12,4.6,125.18,1,1,1,111,READY
2026-03-19 22:23:26,24,-1,47.12,40.88,71,104,3.48,12.43,2.19,105.73,1,1,1,118,READY
2026-03-19 22:24:26,19,7,51.9,60.02,88,83,3.79,23.24,4.38,126.48,1,1,1,79,READY
2026-03-19 22:25:26,21,-3,47.04,60.7,79,106,3.94,11.34,4.42,106.07,1,1,1,103,READY
2026-03-19 22:26:26,22,8,48.18,23.85,87,103,4.32,15.16,3.2,95.13,1,1,1,58,READY
2026-03-19 22:27:26,29,10,50.74,33.69,77,81,3.16,21.06,4.88,141.69,1,1,1,62,READY
2026-03-19 22:28:26,25,6,48.62,106.47,61,89,2.64,19.04,4.25,105.68,1,1,1,124,READY
2026-03-19 22:29:26,34,11,48.62,98.01,75,84,3.06,17.32,4.77,112.68,1,1,1,52,READY
2026-03-19 22:30:26,35,7,46.74,43.82,65,86,2.61,18.42,7.83,106.3,1,1,1,121,READY
2026-03-19 22:31:26,35,16,50.57,68.85,81,109,4.46,21.15,2.32,120.39,1,1,1,90,READY
2026-03-19 22:32:26,18,29,46.01,105.5,71,83,2.71,23.87,6.63,126.57,1,1,1,148,READY
2026-03-19 22:33:26,21,11,47.22,57.99,88,115,4.78,23.24,5.36,133.59,1,1,1,145,READY
2026-03-19 22:34:26,32,15,46.34,21.51,99,109,5.0,22.47,2.84,95.77,1,1,1,110,READY
2026-03-19 22:35:26,29,16,50.54,117.93,62,93,2.91,16.67,4.82,111.09,1,1,1,178,READY
2026-03-19 22:36:26,24,11,51.09,26.67,89,88,4.0,14.09,7.11,122.25,1,1,1,178,READY
2026-03-19 22:37:26,24,26,46.28,38.08,77,115,4.1,15.9,5.42,97.94,1,1,1,61,READY
2026-03-19 22:38:26,25,11,51.33,119.63,99,89,4.52,19.39,3.73,115.52,1,1,1,91,READY
2026-03-19 22:39:26,19,3,47.67,35.02,63,93,2.79,7.73,3.07,119.39,1,1,1,63,READY
2026-03-19 22:40:26,27,25,48.87,108.85,80,91,3.56,15.71,3.65,132.88,1,1,1,87,READY
2026-03-19 22:41:26,25,24,51.06,67.64,70,111,3.97,15.26,5.86,144.55,1,1,1,139,READY
2026-03-19 22:42:26,21,20,49.36,86.04,66,87,2.83,18.77,2.92,144.9,1,1,1,117,READY
2026-03-19 22:43:26,27,1,46.38,95.97,68,97,3.06,7.26,4.06,118.79,1,1,1,98,READY
2026-03-19 22:44:26,30,30,47.48,97.41,75,105,3.74,19.34,2.06,98.6,1,1,1,88,READY
2026-03-19 22:45:26,20,24,50.64,106.04,86,83,3.61,7.38,2.17,141.11,1,1,1,176,READY
2026-03-19 22:46:26,25,-2,47.01,48.47,82,115,4.43,13.53,6.33,106.42,1,1,1,171,READY
2026-03-19 22:47:26,29,18,47.2,84.59,93,111,4.87,20.84,7.26,96.28,1,1,1,82,READY
2026-03-19 22:48:26,26,22,49.57,42.46,100,97,4.81,15.29,7.37,113.16,1,1,1,93,READY
2026-03-19 22:49:26,29,3,50.11,63.46,74,84,3.11,7.88,7.93,125.64,1,1,1,170,READY
2026-03-19 22:50:26,19,6,51.99,77.09,68,119,4.21,14.9,3.42,113.27,1,1,1,71,READY
2026-03-19 22:51:26,29,4,48.73,27.5,82,102,4.08,15.58,7.31,119.53,1,1,1,109,READY
2026-03-19 22:52:26,31,21,46.42,107.77,62,108,3.11,12.49,6.83,124.19,1,1,1,153,READY
2026-03-19 22:53:26,32,18,50.56,28.53,96,86,4.17,13.26,5.96,103.82,1,1,1,156,READY
2026-03-19 22:54:26,19,21,46.46,45.94,69,106,3.4,17.92,4.29,126.02,1,1,1,158,READY
2026-03-19 22:55:26,18,16,47.94,38.16,98,105,4.93,10.07,3.86,141.62,1,1,1,70,READY
2026-03-19 22:56:26,22,20,47.24,115.61,92,94,4.09,18.0,5.5,122.92,1,1,1,72,READY
2026-03-19 22:57:26,18,21,46.72,34.5,74,110,3.8,11.9,3.67,104.08,1,1,1,62,READY
2026-03-19 22:58:26,18,26,48.23,63.2,85,96,3.94,5.83,7.16,107.83,1,1,1,51,READY
2026-03-19 22:59:26,26,27,47.5,105.43,79,118,4.43,7.43,3.4,140.68,1,1,1,62,READY
2026-03-19 23:00:26,19,1,46.72,110.05,88,98,4.03,13.87,6.97,108.63,1,1,1,47,READY
2026-03-19 23:01:26,29,14,46.68,50.83,89,106,4.4,15.83,6.35,134.31,1,1,1,149,READY
2026-03-19 23:02:26,18,6,47.64,54.75,86,108,4.42,23.79,5.99,127.46,1,1,1,60,READY
2026-03-19 23:03:26,25,3,50.94,48.9,67,98,3.34,9.53,2.17,121.49,1,1,1,163,READY
2026-03-19 23:04:26,33,19,48.18,79.93,62,103,3.08,19.27,4.97,136.46,1,1,1,130,READY
2026-03-19 23:05:26,19,7,51.51,46.3,68,119,4.17,21.97,6.44,96.08,1,1,1,98,READY
2026-03-19 23:06:26,24,-4,49.76,25.4,68,114,3.86,11.49,4.02,141.55,1,1,1,137,READY
2026-03-19 23:07:26,24,25,46.05,53.94,84,115,4.45,5.03,3.08,124.94,1,1,1,148,READY
2026-03-19 23:08:26,31,1,48.74,88.69,71,100,3.46,20.19,6.92,95.15,1,1,1,157,READY
2026-03-19 23:09:26,33,8,46.73,90.21,98,117,5.36,21.45,2.48,95.26,1,1,1,150,READY
2026-03-19 23:10:26,31,4,46.96,75.39,61,91,2.61,13.76,5.88,114.63,1,1,1,125,READY
2026-03-19 23:11:26,31,17,51.46,112.0,99,87,4.43,22.58,7.96,103.31,1,1,1,48,READY
2026-03-19 23:12:26,23,7,50.96,107.62,61,110,3.42,17.81,2.48,102.06,1,1,1,103,READY
2026-03-19 23:13:26,19,11,48.86,32.94,68,114,3.79,10.76,4.04,114.38,1,1,1,50,READY
2026-03-19 23:14:26,28,16,50.94,88.56,63,106,3.4,6.53,5.55,109.99,1,1,1,56,READY
2026-03-19 23:15:26,19,-5,47.74,110.78,63,105,3.16,16.42,5.03,111.39,1,1,1,103,READY
2026-03-19 23:16:26,20,20,49.64,49.18,93,98,4.52,20.5,4.48,110.19,1,1,1,99,READY
2026-03-19 23:17:26,31,3,48.42,94.01,74,115,4.12,7.62,6.9,112.56,1,1,1,123,READY
2026-03-19 23:18:26,29,25,49.19,28.65,60,112,3.31,12.48,5.63,97.36,1,1,1,74,READY
2026-03-19 23:19:26,31,28,51.64,70.41,71,90,3.3,6.91,4.19,117.07,1,1,1,92,READY
2026-03-19 23:20:26,31,9,50.3,104.42,89,96,4.3,6.76,4.13,136.73,1,1,1,89,READY
2026-03-19 23:21:26,28,-2,48.51,32.4,99,103,4.95,24.08,2.1,125.51,1,1,1,153,READY
2026-03-19 23:22:26,22,3,48.78,89.34,63,107,3.29,13.25,4.54,136.56,1,1,1,150,READY
2026-03-19 23:23:26,19,25,51.26,21.73,96,108,5.31,23.71,6.26,129.4,1,1,1,60,READY
2026-03-19 23:24:26,26,11,51.44,102.6,91,108,5.06,15.04,7.47,120.84,1,1,1,124,READY
2026-03-19 23:25:26,23,26,46.87,105.75,97,97,4.41,21.53,3.55,106.46,1,1,1,45,READY
2026-03-19 23:26:26,21,25,49.97,96.26,87,81,3.52,5.77,6.77,127.56,1,1,1,113,READY
2026-03-19 23:27:26,18,25,50.45,57.5,62,86,2.69,6.46,7.2,105.9,1,1,1,158,READY
2026-03-19 23:28:26,29,29,46.57,89.08,68,107,3.39,11.16,2.22,133.69,1,1,1,119,READY
2026-03-19 23:29:26,25,18,46.01,40.73,85,102,3.99,6.97,7.35,133.06,1,1,1,149,READY
2026-03-19 23:30:26,18,5,49.06,75.44,91,112,5.0,8.98,3.26,118.22,1,1,1,175,READY
2026-03-19 23:31:26,29,20,46.8,48.0,78,113,4.13,6.49,7.79,130.38,1,1,1,157,READY
2026-03-19 23:32:26,19,1,47.77,63.01,98,119,5.57,19.7,6.97,124.55,1,1,1,138,READY
2026-03-19 23:33:26,18,10,51.49,98.88,68,101,3.54,5.9,3.05,144.59,1,1,1,85,READY
2026-03-19 23:34:26,29,-1,50.9,34.68,81,105,4.33,24.98,7.6,136.09,1,1,1,106,READY
2026-03-19 23:35:26,25,9,50.64,112.99,74,84,3.15,8.52,2.72,123.61,1,1,1,166,READY
2026-03-19 23:36:26,22,15,48.13,72.26,61,116,3.41,11.65,7.04,136.38,1,1,1,112,READY
2026-03-19 23:37:26,30,15,49.63,105.93,94,114,5.32,7.43,5.62,104.35,1,1,1,93,READY
2026-03-19 23:38:26,28,3,51.21,36.25,60,82,2.52,19.59,5.57,104.97,1,1,1,160,READY
2026-03-19 23:39:26,32,-4,51.73,34.84,81,106,4.44,17.99,4.87,144.51,1,1,1,111,READY
2026-03-19 23:40:26,23,4,48.62,90.92,70,82,2.79,23.16,6.14,111.45,1,1,1,140,READY
2026-03-19 23:41:26,29,6,51.13,51.1,88,97,4.36,19.37,2.52,97.08,1,1,1,84,READY
2026-03-19 23:42:26,34,13,50.0,53.08,94,81,3.81,8.02,6.26,131.23,1,1,1,82,READY
2026-03-19 23:43:26,23,23,49.87,115.02,95,101,4.78,20.56,3.78,120.48,1,1,1,105,READY
2026-03-19 23:44:26,29,20,51.78,53.12,70,110,3.99,22.65,5.41,105.46,1,1,1,166,READY
2026-03-19 23:45:26,34,4,47.29,71.99,89,120,5.05,14.32,7.08,108.91,1,1,1,126,READY
2026-03-19 23:46:26,19,14,51.83,63.23,72,89,3.32,5.26,4.38,125.28,1,1,1,122,READY
2026-03-19 23:47:26,20,15,46.58,119.95,89,88,3.65,24.07,4.0,112.35,1,1,1,72,READY
2026-03-19 23:48:26,26,-5,46.85,68.4,93,119,5.19,17.73,4.09,96.74,1,1,1,60,READY
2026-03-19 23:49:26,24,1,46.97,37.74,74,97,3.37,12.4,2.88,126.31,1,1,1,164,READY
2026-03-19 23:50:26,19,4,48.96,63.16,71,120,4.17,13.95,3.44,113.72,1,1,1,82,READY
2026-03-19 23:51:26,23,-2,51.59,103.51,90,117,5.43,9.47,4.04,133.88,1,1,1,149,READY
2026-03-19 23:52:26,32,22,51.73,22.69,84,98,4.26,11.53,2.57,126.26,1,1,1,93,READY
2026-03-19 23:53:26,32,7,50.6,39.34,66,111,3.71,17.33,3.78,103.5,1,1,1,65,READY
2026-03-19 23:54:26,25,20,50.49,27.37,97,91,4.46,19.49,3.7,102.94,1,1,1,45,READY
2026-03-19 23:55:26,33,25,48.4,21.32,62,109,3.27,15.41,4.2,108.62,1,1,1,92,READY
2026-03-19 23:56:26,30,28,46.35,117.59,72,110,3.67,5.29,7.86,143.95,1,1,1,48,READY
2026-03-19 23:57:26,20,12,47.2,95.42,90,105,4.46,18.08,4.28,102.66,1,1,1,176,READY
2026-03-19 23:58:26,31,27,50.84,110.35,96,116,5.66,10.71,3.69,106.29,1,1,1,137,READY
2026-03-19 23:59:26,19,9,47.11,97.65,67,114,3.6,9.44,3.36,121.15,1,1,1,141,READY
2026-03-20 00:00:26,27,12,46.1,102.74,64,88,2.6,9.58,6.41,103.56,1,1,1,119,READY
2026-03-20 00:01:26,20,-1,49.27,57.21,68,114,3.82,18.82,3.85,143.44,1,1,1,116,READY
2026-03-20 00:02:26,19,7,50.29,26.76,64,94,3.03,15.03,2.98,115.24,1,1,1,111,READY
2026-03-20 00:03:26,23,1,51.52,46.83,61,103,3.24,18.4,2.8,123.67,1,1,1,53,READY
2026-03-20 00:04:26,35,-5,46.02,118.08,66,107,3.25,12.57,3.66,143.92,1,1,1,97,READY
2026-03-20 00:05:26,20,-5,47.45,74.56,62,89,2.62,13.19,7.38,121.26,1,1,1,46,READY
2026-03-20 00:06:26,31,18,50.58,119.03,66,85,2.84,6.66,2.18,117.2,1,1,1,165,READY
2026-03-20 00:07:26,32,27,50.75,24.46,85,105,4.53,16.46,6.47,132.23,1,1,1,64,READY
2026-03-20 00:08:26,26,4,46.59,102.78,96,114,5.1,8.96,3.59,114.57,1,1,1,150,READY
2026-03-20 00:09:26,32,25,51.68,57.76,98,85,4.3,8.81,5.66,138.05,1,1,1,116,READY
2026-03-20 00:10:26,30,25,46.16,24.69,95,110,4.82,14.98,5.77,118.27,1,1,1,174,READY
2026-03-20 00:11:26,19,7,47.84,26.86,72,81,2.79,24.04,4.93,95.34,1,1,1,72,READY
2026-03-20 00:12:26,30,17,47.69,72.31,84,80,3.2,21.63,6.58,95.31,1,1,1,172,READY
2026-03-20 00:13:26,19,10,48.54,32.47,71,80,2.76,7.04,4.56,128.96,1,1,1,126,READY
2026-03-20 00:14:26,35,29,50.94,82.66,91,108,5.01,7.73,5.18,137.65,1,1,1,173,READY
2026-03-20 00:15:26,18,19,47.33,65.65,96,83,3.77,17.29,4.84,131.36,1,1,1,84,READY
2026-03-20 00:16:26,25,-4,46.76,118.78,100,117,5.47,8.07,7.59,105.22,1,1,1,112,READY
2026-03-20 00:17:26,35,23,47.08,34.7,88,114,4.72,9.36,5.08,107.78,1,1,1,78,READY
2026-03-20 00:18:26,33,22,51.41,93.84,70,84,3.02,21.32,3.04,103.25,1,1,1,52,READY
2026-03-20 00:19:26,27,4,50.85,41.52,83,110,4.64,13.33,4.6,101.12,1,1,1,154,READY
2026-03-20 00:20:26,20,8,51.24,101.09,62,117,3.72,18.78,3.68,105.5,1,1,1,79,READY
2026-03-20 00:21:26,31,7,46.03,62.01,69,97,3.08,17.75,3.1,138.56,1,1,1,61,READY
2026-03-20 00:22:26,24,12,46.1,58.93,75,101,3.49,11.71,6.11,114.66,1,1,1,78,READY
2026-03-20 00:23:26,33,30,50.65,39.78,93,104,4.9,16.41,5.31,122.63,1,1,1,104,READY
2026-03-20 00:24:26,24,8,49.13,117.94,65,112,3.58,21.58,6.06,131.46,1,1,1,176,READY
2026-03-20 00:25:26,33,-4,49.28,32.09,77,116,4.4,9.24,7.2,100.46,1,1,1,144,READY
2026-03-20 00:26:26,28,20,46.66,32.5,67,117,3.66,6.2,7.84,125.32,1,1,1,97,READY
2026-03-20 00:27:26,35,-4,48.03,87.64,100,84,4.03,22.3,5.78,103.4,1,1,1,114,READY
2026-03-20 00:28:26,32,-3,50.93,104.28,97,84,4.15,8.24,3.22,134.94,1,1,1,87,READY
2026-03-20 00:29:26,24,16,49.58,106.85,95,111,5.23,7.83,6.5,129.35,1,1,1,127,READY
2026-03-20 00:30:26,25,4,50.44,88.18,83,82,3.43,21.09,2.37,144.87,1,1,1,115,READY
2026-03-20 00:31:26,25,11,49.79,63.36,82,105,4.29,12.11,4.06,107.45,1,1,1,46,READY
2026-03-20 00:32:26,20,2,46.11,118.1,72,83,2.76,5.59,7.99,121.98,1,1,1,138,READY
2026-03-20 00:33:26,28,4,47.2,115.51,83,114,4.47,15.77,4.22,137.17,1,1,1,83,READY
2026-03-20 00:34:26,30,30,46.79,85.19,76,111,3.95,16.28,5.87,116.69,1,1,1,157,READY
2026-03-20 00:35:26,31,11,47.93,98.46,80,113,4.33,16.9,5.73,110.91,1,1,1,141,READY
2026-03-20 00:36:26,28,28,49.36,22.32,95,120,5.63,15.55,3.74,125.4,1,1,1,122,READY
2026-03-20 00:37:26,27,-4,51.64,101.94,83,119,5.1,19.17,2.84,137.84,1,1,1,180,READY
2026-03-20 00:38:26,25,18,47.08,52.17,89,107,4.48,12.08,7.79,135.48,1,1,1,128,READY
2026-03-20 00:39:26,19,25,46.03,104.98,71,87,2.84,7.18,6.31,143.19,1,1,1,111,READY
2026-03-20 00:40:26,20,16,48.86,93.75,71,94,3.26,24.31,5.72,122.46,1,1,1,74,READY
2026-03-20 00:41:26,26,-2,51.73,43.96,86,113,5.03,17.38,3.88,118.95,1,1,1,130,READY
2026-03-20 00:42:26,26,30,46.84,48.88,78,93,3.4,21.68,4.15,120.29,1,1,1,47,READY
2026-03-20 00:43:26,22,-1,51.77,113.18,97,118,5.93,14.2,7.22,143.51,1,1,1,169,READY
2026-03-20 00:44:26,29,8,46.71,28.24,100,112,5.23,5.73,7.48,129.03,1,1,1,114,READY
2026-03-20 00:45:26,35,29,48.75,86.1,85,110,4.56,14.24,7.97,103.63,1,1,1,113,READY
2026-03-20 00:46:26,34,19,50.3,26.85,96,117,5.65,17.36,3.49,114.58,1,1,1,79,READY
2026-03-20 00:47:26,18,13,51.74,56.6,66,101,3.45,7.69,7.11,108.27,1,1,1,106,READY
2026-03-20 00:48:26,22,-3,49.33,62.25,96,96,4.55,5.87,5.5,101.2,1,1,1,77,READY
2026-03-20 00:49:26,18,0,48.31,112.66,84,81,3.29,19.22,6.79,130.03,1,1,1,127,READY
2026-03-20 00:50:26,18,-1,51.09,72.7,90,81,3.72,6.49,5.83,103.39,1,1,1,180,READY
2026-03-20 00:51:26,32,-2,48.41,30.74,70,81,2.74,5.87,5.2,103.55,1,1,1,138,READY
2026-03-20 00:52:26,18,9,50.85,43.89,89,118,5.34,11.11,7.41,121.58,1,1,1,76,READY
2026-03-20 00:53:26,32,-3,49.88,70.53,70,90,3.14,24.56,7.06,115.15,1,1,1,92,READY
2026-03-20 00:54:26,31,-1,47.52,71.15,79,89,3.34,11.15,4.14,117.58,1,1,1,163,READY
2026-03-20 00:55:26,33,26,50.7,62.41,87,108,4.76,6.36,3.99,116.93,1,1,1,67,READY
2026-03-20 00:56:26,33,0,49.8,33.08,60,106,3.17,13.65,5.69,127.69,1,1,1,85,READY
2026-03-20 00:57:26,33,19,50.24,46.29,98,101,4.97,18.67,7.4,135.94,1,1,1,174,READY
2026-03-20 00:58:26,18,13,49.93,95.27,60,89,2.67,19.33,3.73,133.47,1,1,1,162,READY
2026-03-20 00:59:26,32,-1,51.33,94.74,72,110,4.07,23.81,7.43,133.81,1,1,1,158,READY
2026-03-20 01:00:26,21,25,47.64,33.92,93,110,4.87,13.99,5.78,131.71,1,1,1,79,READY
2026-03-20 01:01:26,25,14,49.98,54.25,85,97,4.12,6.48,3.52,119.77,1,1,1,73,READY
2026-03-20 01:02:26,27,19,49.87,90.56,68,94,3.19,5.12,7.65,108.82,1,1,1,90,READY
2026-03-20 01:03:26,33,23,46.01,67.62,85,109,4.26,23.94,3.24,115.71,1,1,1,130,READY
2026-03-20 01:04:26,30,30,46.27,96.49,81,96,3.6,13.56,3.05,130.11,1,1,1,168,READY
2026-03-20 01:05:26,19,27,46.35,58.15,83,107,4.12,24.88,3.22,135.85,1,1,1,132,READY
2026-03-20 01:06:26,25,23,46.55,24.95,64,108,3.22,5.13,2.47,97.58,1,1,1,149,READY
2026-03-20 01:07:26,34,15,50.07,110.03,89,115,5.12,24.11,5.28,132.61,1,1,1,136,READY
2026-03-20 01:08:26,35,9,48.93,65.04,64,112,3.51,10.21,6.73,140.13,1,1,1,83,READY
2026-03-20 01:09:26,19,11,49.42,50.8,79,114,4.45,17.73,2.26,143.84,1,1,1,94,READY
2026-03-20 01:10:26,32,-1,50.18,90.33,81,88,3.58,20.03,2.68,134.07,1,1,1,134,READY
2026-03-20 01:11:26,20,28,49.45,92.9,99,87,4.26,19.69,3.96,138.26,1,1,1,124,READY
2026-03-20 01:12:26,21,8,46.18,109.08,64,109,3.22,6.4,4.56,104.0,1,1,1,64,READY
2026-03-20 01:13:26,30,7,51.53,116.92,90,117,5.43,24.64,5.6,107.36,1,1,1,112,READY
2026-03-20 01:14:26,35,8,50.33,47.25,88,86,3.81,21.95,3.8,126.19,1,1,1,120,READY
2026-03-20 01:15:26,24,-2,47.08,116.64,97,105,4.8,8.75,6.29,141.29,1,1,1,123,READY
2026-03-20 01:16:26,19,-5,47.67,88.93,77,105,3.85,9.9,7.44,101.59,1,1,1,118,READY
2026-03-20 01:17:26,21,23,51.63,64.89,65,89,2.99,21.68,2.37,126.97,1,1,1,156,READY
2026-03-20 01:18:26,28,24,48.45,107.26,96,97,4.51,6.11,5.39,103.74,1,1,1,178,READY
2026-03-20 01:19:26,21,30,46.46,112.61,72,84,2.81,21.0,3.97,137.39,1,1,1,153,READY
2026-03-20 01:20:26,23,13,49.48,63.97,80,111,4.39,12.77,7.01,108.28,1,1,1,68,READY
2026-03-20 01:21:26,26,25,46.65,62.44,76,91,3.23,6.57,6.83,137.82,1,1,1,139,READY
2026-03-20 01:22:26,20,26,50.65,79.1,81,103,4.23,10.51,5.66,142.78,1,1,1,122,READY
2026-03-20 01:23:26,27,23,48.02,80.93,68,101,3.3,8.85,6.85,102.13,1,1,1,141,READY
2026-03-20 01:24:26,34,11,47.02,28.83,62,104,3.03,24.18,7.09,141.17,1,1,1,48,READY
2026-03-20 01:25:26,18,6,51.13,69.22,69,95,3.35,21.67,6.37,121.73,1,1,1,149,READY
2026-03-20 01:26:26,35,2,48.13,62.63,81,118,4.6,22.46,2.71,116.75,1,1,1,55,READY
2026-03-20 01:27:26,24,4,49.13,110.35,63,81,2.51,19.87,5.08,144.21,1,1,1,87,READY
2026-03-20 01:28:26,24,29,48.13,105.35,66,80,2.54,7.76,3.96,130.49,1,1,1,143,READY
2026-03-20 01:29:26,20,14,47.9,31.65,65,98,3.05,20.59,6.2,138.88,1,1,1,147,READY
2026-03-20 01:30:26,24,0,46.35,44.15,71,104,3.42,23.0,4.05,116.86,1,1,1,117,READY
2026-03-20 01:31:26,29,-3,49.88,83.65,100,108,5.39,15.06,7.07,103.69,1,1,1,73,READY
2026-03-20 01:32:26,31,18,51.52,117.13,92,110,5.21,6.34,4.92,105.07,1,1,1,98,READY
2026-03-20 01:33:26,21,12,51.39,49.64,96,85,4.19,21.46,6.84,106.76,1,1,1,98,READY
2026-03-20 01:34:26,28,19,46.74,48.81,60,91,2.55,13.19,3.84,119.81,1,1,1,55,READY
2026-03-20 01:35:26,18,18,51.18,41.2,89,88,4.01,13.16,4.02,96.39,1,1,1,91,READY
2026-03-20 01:36:26,22,29,48.79,108.74,72,88,3.09,13.24,2.01,124.75,1,1,1,98,READY
2026-03-20 01:37:26,21,3,48.29,94.99,64,87,2.69,19.09,6.12,118.4,1,1,1,134,READY
2026-03-20 01:38:26,19,2,50.59,30.73,71,101,3.63,21.02,7.93,108.76,1,1,1,177,READY
2026-03-20 01:39:26,19,-2,48.21,106.16,74,96,3.42,5.3,6.61,123.66,1,1,1,81,READY
2026-03-20 01:40:26,28,16,47.66,77.27,78,87,3.23,6.08,5.05,109.9,1,1,1,75,READY
2026-03-20 01:41:26,25,13,47.86,52.78,96,91,4.18,14.81,7.82,111.78,1,1,1,172,READY
2026-03-20 01:42:26,20,2,47.89,73.2,62,95,2.82,17.17,6.27,125.49,1,1,1,153,READY
2026-03-20 01:43:26,27,15,50.18,75.85,67,111,3.73,16.07,7.79,118.16,1,1,1,113,READY
2026-03-20 01:44:26,25,8,50.26,51.93,94,91,4.3,21.9,2.34,131.96,1,1,1,49,READY
2026-03-20 01:45:26,30,11,48.76,40.57,97,87,4.11,19.94,7.36,95.65,1,1,1,165,READY
2026-03-20 01:46:26,21,11,48.12,39.88,88,86,3.64,8.62,3.36,135.6,1,1,1,68,READY
2026-03-20 01:47:26,35,26,48.05,74.96,94,81,3.66,22.98,7.15,95.5,1,1,1,115,READY
2026-03-20 01:48:26,29,23,48.81,96.01,77,90,3.38,10.57,2.02,104.46,1,1,1,61,READY
2026-03-20 01:49:26,26,22,50.86,78.35,60,103,3.14,17.42,5.22,103.91,1,1,1,91,READY
2026-03-20 01:50:26,34,1,50.47,118.86,96,106,5.14,10.59,6.34,143.84,1,1,1,79,READY
2026-03-20 01:51:26,20,26,50.31,84.51,64,80,2.58,24.92,7.12,144.62,1,1,1,131,READY
2026-03-20 01:52:26,29,2,50.42,64.71,75,115,4.35,15.1,7.17,110.16,1,1,1,109,READY
2026-03-20 01:53:26,35,2,49.87,63.58,61,86,2.62,22.07,4.11,115.14,1,1,1,121,READY
2026-03-20 01:54:26,33,0,47.51,65.4,80,116,4.41,18.06,5.14,134.97,1,1,1,122,READY
2026-03-20 01:55:26,18,15,46.88,95.34,97,119,5.41,22.24,6.96,123.13,1,1,1,175,READY
2026-03-20 01:56:26,28,20,48.81,49.15,90,102,4.48,24.58,3.99,117.77,1,1,1,179,READY
2026-03-20 01:57:26,32,10,51.28,89.46,60,86,2.65,5.39,5.85,99.94,1,1,1,48,READY
2026-03-20 01:58:26,19,29,51.53,32.77,74,86,3.28,16.83,4.23,134.67,1,1,1,97,READY
2026-03-20 01:59:26,18,13,48.21,75.66,76,113,4.14,19.19,4.39,141.81,1,1,1,113,READY
2026-03-20 02:00:26,19,22,48.37,29.63,65,100,3.14,22.37,6.13,122.5,1,1,1,104,READY
2026-03-20 02:01:26,22,6,46.44,109.32,83,89,3.43,18.19,5.81,110.19,1,1,1,161,READY
2026-03-20 02:02:26,32,11,47.08,70.2,68,86,2.75,10.92,3.67,109.37,1,1,1,174,READY
2026-03-20 02:03:26,25,25,46.54,109.77,94,97,4.24,23.78,2.76,110.03,1,1,1,166,READY
2026-03-20 02:04:26,29,-5,51.16,82.3,89,84,3.82,18.33,5.86,103.05,1,1,1,96,READY
2026-03-20 02:05:26,21,-1,46.45,80.28,96,80,3.57,10.57,7.56,140.02,1,1,1,48,READY
2026-03-20 02:06:26,23,21,46.19,26.21,71,110,3.61,14.13,5.58,127.93,1,1,1,167,READY
2026-03-20 02:07:26,34,11,46.46,54.52,94,117,5.11,5.58,6.29,124.62,1,1,1,180,READY
2026-03-20 02:08:26,19,30,51.81,49.19,97,83,4.17,20.66,3.52,134.86,1,1,1,74,READY
2026-03-20 02:09:26,31,-1,51.6,114.87,88,82,3.72,14.84,3.8,123.67,1,1,1,86,READY
2026-03-20 02:10:26,23,11,49.27,44.2,100,104,5.12,11.89,7.21,109.12,1,1,1,112,READY
2026-03-20 02:11:26,18,17,46.42,96.28,78,84,3.04,23.49,5.35,116.67,1,1,1,178,READY
2026-03-20 02:12:26,22,10,47.15,45.22,79,94,3.5,17.19,4.37,124.9,1,1,1,58,READY
2026-03-20 02:13:26,18,18,47.8,113.14,62,118,3.5,15.57,6.23,110.47,1,1,1,84,READY
2026-03-20 02:14:26,31,24,48.39,97.76,74,89,3.19,21.71,2.84,98.98,1,1,1,117,READY
2026-03-20 02:15:26,32,18,50.44,47.28,86,108,4.68,7.39,7.88,138.42,1,1,1,157,READY
2026-03-20 02:16:26,25,30,50.31,47.54,60,99,2.99,17.19,3.99,103.77,1,1,1,120,READY
2026-03-20 02:17:26,29,16,46.3,84.45,60,99,2.75,10.07,6.97,108.21,1,1,1,150,READY
2026-03-20 02:18:26,20,10,50.73,63.54,99,107,5.37,11.69,2.85,113.94,1,1,1,144,READY
2026-03-20 02:19:26,30,17,49.94,30.71,90,85,3.82,17.24,2.11,117.3,1,1,1,171,READY
2026-03-20 02:20:26,18,4,49.9,95.43,75,119,4.45,11.19,2.39,142.34,1,1,1,144,READY
2026-03-20 02:21:26,33,-5,48.63,75.59,71,96,3.31,5.32,7.6,140.21,1,1,1,55,READY
2026-03-20 02:22:26,30,29,48.06,61.23,73,105,3.68,19.0,3.11,142.05,1,1,1,82,READY
2026-03-20 02:23:26,23,23,49.95,20.97,60,81,2.43,23.47,6.49,119.5,1,1,1,101,READY
2026-03-20 02:24:26,21,12,47.04,101.17,94,117,5.17,7.94,4.62,100.11,1,1,1,162,READY
2026-03-20 02:25:26,24,-1,46.73,34.29,68,111,3.53,17.41,7.35,128.1,1,1,1,166,READY
2026-03-20 02:26:26,19,-2,49.05,55.87,97,115,5.47,16.83,6.2,117.21,1,1,1,55,READY
2026-03-20 02:27:26,26,19,49.03,31.75,99,103,5.0,14.65,2.65,133.58,1,1,1,151,READY
2026-03-20 02:28:26,24,17,46.64,45.98,81,120,4.53,13.48,3.06,137.12,1,1,1,165,READY
2026-03-20 02:29:26,24,22,49.4,87.07,80,99,3.91,21.56,3.54,113.88,1,1,1,129,READY
2026-03-20 02:30:26,20,19,50.94,38.68,86,116,5.08,24.4,5.72,128.95,1,1,1,161,READY
2026-03-20 02:31:26,32,21,46.93,52.5,86,108,4.36,17.45,4.79,109.33,1,1,1,93,READY
2026-03-20 02:32:26,19,9,50.34,110.77,81,80,3.26,9.62,6.41,115.52,1,1,1,93,READY
2026-03-20 02:33:26,18,14,51.55,78.65,99,106,5.41,8.49,2.51,140.23,1,1,1,152,READY
2026-03-20 02:34:26,31,-1,51.6,80.11,88,83,3.77,13.82,4.56,127.63,1,1,1,130,READY
2026-03-20 02:35:26,19,-3,51.04,29.04,65,100,3.32,5.5,4.32,105.53,1,1,1,55,READY
2026-03-20 02:36:26,27,18,51.0,118.49,79,94,3.79,7.89,3.64,103.67,1,1,1,65,READY
2026-03-20 02:37:26,31,12,49.39,85.35,60,112,3.32,15.88,2.67,129.52,1,1,1,89,READY
2026-03-20 02:38:26,35,22,47.4,108.32,77,96,3.5,22.72,5.28,119.81,1,1,1,175,READY
2026-03-20 02:39:26,28,6,49.88,104.04,88,89,3.91,7.2,6.68,110.03,1,1,1,75,READY
2026-03-20 02:40:26,30,14,47.17,65.31,78,107,3.94,21.3,7.33,137.52,1,1,1,127,READY
2026-03-20 02:41:26,22,21,46.88,84.98,97,93,4.23,5.21,6.5,135.18,1,1,1,81,READY
2026-03-20 02:42:26,29,2,50.38,95.47,93,102,4.78,17.55,5.23,119.5,1,1,1,66,READY
2026-03-20 02:43:26,35,-5,46.29,60.38,77,113,4.03,14.38,6.26,96.86,1,1,1,90,READY
2026-03-20 02:44:26,18,19,50.54,112.02,98,93,4.61,19.5,3.32,96.45,1,1,1,170,READY
2026-03-20 02:45:26,32,18,51.18,56.41,66,107,3.61,20.36,3.91,142.99,1,1,1,97,READY
2026-03-20 02:46:26,19,28,51.41,59.54,98,95,4.79,15.2,4.67,124.32,1,1,1,73,READY
2026-03-20 02:47:26,31,20,49.88,57.82,82,95,3.89,11.45,7.79,97.08,1,1,1,57,READY
2026-03-20 02:48:26,21,1,51.31,31.71,64,112,3.68,8.05,7.13,111.85,1,1,1,131,READY
2026-03-20 02:49:26,18,-1,49.58,40.14,75,117,4.35,9.97,3.31,100.31,1,1,1,105,READY
2026-03-20 02:50:26,22,26,48.77,112.78,70,118,4.03,24.51,5.03,144.35,1,1,1,122,READY
2026-03-20 02:51:26,20,-5,46.63,38.56,86,102,4.09,10.64,6.93,105.99,1,1,1,156,READY
2026-03-20 02:52:26,23,25,50.97,64.81,98,86,4.3,17.51,5.72,104.2,1,1,1,169,READY
2026-03-20 02:53:26,35,18,50.44,41.54,96,104,5.04,18.67,5.94,109.37,1,1,1,75,READY
2026-03-20 02:54:26,31,8,50.17,76.45,89,80,3.57,19.32,4.37,139.0,1,1,1,162,READY
2026-03-20 02:55:26,19,4,49.54,44.49,77,116,4.42,21.86,7.1,115.08,1,1,1,74,READY
2026-03-20 02:56:26,35,1,49.74,70.56,75,114,4.25,20.08,4.14,109.43,1,1,1,121,READY
2026-03-20 02:57:26,27,28,46.52,74.76,98,99,4.51,5.84,7.32,97.78,1,1,1,98,READY
2026-03-20 02:58:26,20,15,46.31,61.15,96,90,4.0,8.28,5.58,100.97,1,1,1,176,READY
2026-03-20 02:59:26,28,20,46.55,99.28,66,82,2.52,11.41,4.81,134.56,1,1,1,102,READY
2026-03-20 03:00:26,22,5,48.88,73.89,62,116,3.52,18.54,4.3,134.74,1,1,1,89,READY
2026-03-20 03:01:26,24,19,47.82,91.84,81,115,4.45,7.01,4.72,101.07,1,1,1,157,READY
2026-03-20 03:02:26,33,29,48.24,40.78,100,120,5.79,12.17,6.16,133.35,1,1,1,48,READY
2026-03-20 03:03:26,19,8,48.28,113.25,75,92,3.33,15.37,3.0,134.95,1,1,1,175,READY
2026-03-20 03:04:26,32,25,46.34,118.3,88,97,3.96,19.77,3.59,142.17,1,1,1,150,READY
2026-03-20 03:05:26,33,3,46.93,83.27,85,110,4.39,19.98,2.09,109.68,1,1,1,89,READY
2026-03-20 03:06:26,28,10,46.18,99.63,63,91,2.65,15.55,4.85,100.76,1,1,1,63,READY
2026-03-20 03:07:26,25,20,47.31,37.08,84,81,3.22,5.74,4.16,116.16,1,1,1,152,READY
2026-03-20 03:08:26,20,5,50.19,106.53,80,84,3.37,20.66,3.98,122.52,1,1,1,45,READY
2026-03-20 03:09:26,30,13,49.43,31.22,61,118,3.56,5.29,7.8,124.99,1,1,1,73,READY
2026-03-20 03:10:26,34,23,49.13,37.33,91,102,4.56,10.4,5.82,136.94,1,1,1,89,READY
2026-03-20 03:11:26,21,16,49.49,90.97,67,88,2.92,16.58,4.54,123.16,1,1,1,95,READY
2026-03-20 03:12:26,22,11,46.87,95.16,99,116,5.38,13.32,3.55,104.79,1,1,1,127,READY
2026-03-20 03:13:26,28,18,51.63,43.37,79,81,3.3,19.05,5.61,130.23,1,1,1,69,READY
2026-03-20 03:14:26,32,-2,50.82,113.2,66,117,3.92,5.66,3.71,136.8,1,1,1,68,READY
2026-03-20 03:15:26,20,-4,49.62,86.3,60,101,3.01,22.95,6.93,140.45,1,1,1,147,READY
2026-03-20 03:16:26,31,-1,49.7,57.83,98,99,4.82,10.15,6.3,122.96,1,1,1,138,READY
2026-03-20 03:17:26,20,-2,50.25,99.27,69,80,2.77,11.49,4.47,117.62,1,1,1,152,READY
2026-03-20 03:18:26,23,-3,51.32,36.64,75,100,3.85,23.78,2.93,106.6,1,1,1,140,READY
2026-03-20 03:19:26,22,13,48.39,32.32,67,99,3.21,14.97,5.68,130.54,1,1,1,98,READY
2026-03-20 03:20:26,31,7,49.9,95.33,78,111,4.32,24.13,3.31,139.03,1,1,1,145,READY
2026-03-20 03:21:26,35,17,50.43,104.24,60,85,2.57,5.27,5.43,122.68,1,1,1,116,READY
2026-03-20 03:22:26,33,26,48.99,49.57,70,113,3.88,7.14,4.51,137.87,1,1,1,54,READY
2026-03-20 03:23:26,31,-1,51.11,73.24,81,86,3.56,20.92,5.16,123.64,1,1,1,115,READY
2026-03-20 03:24:26,32,17,50.07,112.35,96,100,4.81,16.75,6.74,115.31,1,1,1,88,READY
2026-03-20 03:25:26,29,4,51.9,78.98,80,93,3.86,18.94,7.8,96.93,1,1,1,58,READY
2026-03-20 03:26:26,21,9,49.08,67.04,94,116,5.35,15.24,5.68,98.83,1,1,1,138,READY
2026-03-20 03:27:26,28,4,50.49,70.31,85,119,5.11,22.13,7.87,116.98,1,1,1,173,READY
2026-03-20 03:28:26,28,22,46.64,88.85,93,89,3.86,12.18,5.08,130.46,1,1,1,52,READY
2026-03-20 03:29:26,34,24,48.51,89.22,88,88,3.76,24.94,3.17,108.63,1,1,1,167,READY
2026-03-20 03:30:26,23,16,49.64,96.53,69,95,3.25,20.94,7.8,128.78,1,1,1,49,READY
2026-03-20 03:31:26,23,15,50.36,21.44,84,82,3.47,17.62,5.69,137.37,1,1,1,51,READY
2026-03-20 03:32:26,24,15,51.72,56.9,72,114,4.25,21.99,6.41,144.72,1,1,1,87,READY
2026-03-20 03:33:26,23,13,48.04,105.31,81,89,3.46,15.22,3.51,137.08,1,1,1,167,READY
2026-03-20 03:34:26,19,4,46.21,28.27,60,111,3.08,16.34,3.63,125.22,1,1,1,87,READY
2026-03-20 03:35:26,34,11,51.41,78.74,64,119,3.92,17.37,7.12,100.01,1,1,1,123,READY
2026-03-20 03:36:26,25,5,50.0,100.0,60,120,3.6,21.63,3.76,111.93,1,1,1,177,READY
2026-03-20 03:37:26,27,0,48.2,65.07,62,94,2.81,25.0,5.9,131.27,1,1,1,111,READY
2026-03-20 03:38:26,21,20,51.46,97.11,100,90,4.63,5.49,3.62,119.16,1,1,1,145,READY
2026-03-20 03:39:26,27,29,50.43,25.38,100,81,4.08,18.26,2.8,144.59,1,1,1,169,READY
2026-03-20 03:40:26,29,11,46.07,31.95,64,82,2.42,23.77,6.57,128.06,1,1,1,172,READY
2026-03-20 03:41:26,34,24,49.05,75.5,96,109,5.13,21.2,2.4,112.03,1,1,1,69,READY
2026-03-20 03:42:26,24,7,49.62,47.52,84,88,3.67,7.31,5.05,111.82,1,1,1,110,READY
2026-03-20 03:43:26,29,7,51.02,97.4,75,81,3.1,19.8,2.17,130.33,1,1,1,75,READY
2026-03-20 03:44:26,30,1,50.46,68.27,66,110,3.66,12.42,3.21,133.48,1,1,1,118,READY
2026-03-20 03:45:26,22,7,51.02,114.23,72,80,2.94,14.54,5.24,134.3,1,1,1,130,READY
2026-03-20 03:46:26,20,17,51.07,115.69,86,96,4.22,10.4,7.04,104.35,1,1,1,119,READY
2026-03-20 03:47:26,24,10,50.98,73.83,73,80,2.98,15.91,3.03,125.21,1,1,1,155,READY
2026-03-20 03:48:26,20,17,48.95,104.17,94,108,4.97,5.68,5.32,138.92,1,1,1,122,READY
2026-03-20 03:49:26,33,17,51.12,80.32,80,88,3.6,14.74,4.09,98.36,1,1,1,86,READY
2026-03-20 03:50:26,21,1,49.72,28.02,78,86,3.34,10.28,2.99,106.29,1,1,1,166,READY
2026-03-20 03:51:26,34,11,48.28,49.66,91,112,4.92,12.91,6.4,107.35,1,1,1,120,READY
2026-03-20 03:52:26,33,4,51.27,101.61,71,102,3.71,24.47,6.68,114.1,1,1,1,143,READY
2026-03-20 03:53:26,33,5,46.7,71.97,83,113,4.38,16.83,5.68,104.21,1,1,1,99,READY
2026-03-20 03:54:26,22,22,46.31,23.18,63,117,3.41,15.85,7.48,112.05,1,1,1,136,READY
2026-03-20 03:55:26,20,-4,48.34,50.61,94,117,5.32,16.07,3.59,116.33,1,1,1,171,READY
2026-03-20 03:56:26,27,26,49.5,74.81,99,99,4.85,21.29,5.77,141.7,1,1,1,82,READY
2026-03-20 03:57:26,18,26,46.09,116.79,92,110,4.66,12.39,4.69,121.88,1,1,1,60,READY
2026-03-20 03:58:26,22,16,51.19,67.49,84,99,4.26,22.54,4.22,128.88,1,1,1,162,READY
2026-03-20 03:59:26,22,2,50.07,66.09,91,111,5.06,23.84,3.67,136.62,1,1,1,168,READY
2026-03-20 04:00:26,25,19,48.9,50.11,90,104,4.58,17.3,3.69,102.98,1,1,1,99,READY
2026-03-20 04:01:26,33,12,51.79,117.29,68,99,3.49,16.03,6.95,109.19,1,1,1,50,READY
2026-03-20 04:02:26,31,-5,46.89,78.39,96,101,4.55,24.58,5.66,107.77,1,1,1,70,READY
2026-03-20 04:03:26,31,11,50.06,79.18,74,96,3.56,13.48,7.4,115.87,1,1,1,62,READY
2026-03-20 04:04:26,26,28,51.52,63.18,94,104,5.04,15.29,6.0,118.93,1,1,1,89,READY
2026-03-20 04:05:26,29,19,48.99,23.08,89,98,4.27,10.01,7.42,139.16,1,1,1,94,READY
2026-03-20 04:06:26,20,20,50.69,117.71,66,95,3.18,22.42,7.66,128.17,1,1,1,94,READY
2026-03-20 04:07:26,30,-4,51.29,57.62,98,103,5.18,16.33,6.94,142.58,1,1,1,88,READY
2026-03-20 04:08:26,25,12,48.84,56.9,86,89,3.74,18.58,3.65,99.02,1,1,1,179,READY
2026-03-20 04:09:26,21,24,50.61,91.46,63,102,3.25,20.52,3.47,107.3,1,1,1,112,READY
2026-03-20 04:10:26,23,23,47.88,45.86,92,101,4.45,15.97,4.01,96.1,1,1,1,96,READY
2026-03-20 04:11:26,25,10,49.42,53.56,89,93,4.09,20.66,4.77,125.89,1,1,1,50,READY
2026-03-20 04:12:26,35,-1,50.0,101.44,84,98,4.12,19.57,3.44,117.91,1,1,1,96,READY
2026-03-20 04:13:26,18,13,49.5,70.39,91,94,4.23,10.34,3.81,114.89,1,1,1,166,READY
2026-03-20 04:14:26,30,17,51.9,91.98,99,104,5.34,23.88,6.25,111.38,1,1,1,147,READY
2026-03-20 04:15:26,19,27,48.37,78.59,96,98,4.55,10.01,6.44,122.46,1,1,1,157,READY
2026-03-20 04:16:26,33,1,46.31,47.2,83,94,3.61,23.0,3.58,132.44,1,1,1,174,READY
2026-03-20 04:17:26,20,17,47.72,47.84,81,92,3.56,6.16,3.64,125.67,1,1,1,133,READY
2026-03-20 04:18:26,33,26,46.14,52.09,85,95,3.73,11.55,7.55,117.15,1,1,1,67,READY
