timestamp,internal_temp_c,external_temp_c,battery_voltage_v,battery_current_a,battery_soc_percent,battery_capacity_ah,energy_available_kwh,power_load_kw,energy_loss_percent,tank_pressure_bar,structural_integrity,critical_modules_status,telemetry_link_status,estimated_autonomy_min,launch_decision,anomalia_inserida
2026-03-19 19:59:26,31,17,48.72,84.36,78,82,3.12,19.69,2.57,142.76,1,1,1,163,READY,nao
2026-03-19 20:00:26,26,11,49.75,83.65,81,116,4.67,24.67,7.6,122.34,1,1,1,45,READY,nao
2026-03-19 20:01:26,24,19,48.74,60.89,94,98,4.49,15.13,4.89,133.89,1,1,1,45,READY,nao
2026-03-19 20:02:26,18,20,49.32,44.57,90,105,4.66,22.97,4.5,97.41,1,1,1,168,READY,nao
2026-03-19 20:03:26,34,20,48.84,67.2,90,103,4.53,9.22,5.95,108.55,1,1,1,118,READY,nao
2026-03-19 20:04:26,32,-3,50.3,87.74,83,109,4.55,17.91,6.26,114.88,1,1,1,136,READY,nao
2026-03-19 20:05:26,23,27,48.32,37.12,77,103,3.83,9.24,6.86,143.16,1,1,1,103,READY,nao
2026-03-19 20:06:26,28,13,47.56,62.32,74,82,2.89,19.02,2.83,108.23,1,1,1,177,READY,nao
2026-03-19 20:07:26,30,19,51.05,78.58,74,104,3.93,7.6,4.65,129.34,1,1,1,80,READY,nao
2026-03-19 20:08:26,33,12,49.26,107.94,75,116,4.29,6.28,3.95,132.9,1,1,1,179,READY,nao
2026-03-19 20:09:26,19,15,50.05,71.88,82,118,4.84,23.19,3.79,96.89,1,1,1,97,READY,nao
2026-03-19 20:10:26,30,23,48.96,103.42,66,118,3.81,6.96,4.11,109.49,1,1,1,175,READY,nao
2026-03-19 20:11:26,23,27,48.53,28.86,76,99,3.65,17.05,4.41,128.94,1,1,1,156,READY,nao
2026-03-19 20:12:26,22,9,46.13,45.91,76,92,3.23,8.96,2.44,133.98,1,1,1,66,READY,nao
2026-03-19 20:13:26,21,-5,51.64,35.63,99,101,5.16,17.12,6.66,140.83,1,1,1,99,READY,nao
2026-03-19 20:14:26,33,9,47.4,110.98,100,80,3.79,19.95,6.5,116.79,1,1,1,55,READY,nao
2026-03-19 20:15:26,35,15,46.08,25.85,63,96,2.79,14.21,5.06,104.91,1,1,1,64,READY,nao
2026-03-19 20:16:26,20,20,48.88,61.4,90,88,3.87,22.93,5.72,135.3,1,1,1,179,READY,nao
2026-03-19 20:17:26,21,30,49.42,32.63,82,81,3.28,12.03,5.25,122.12,1,1,1,114,READY,nao
2026-03-19 20:18:26,35,8,46.7,76.1,100,89,4.16,17.63,6.7,144.76,1,1,1,125,READY,nao
2026-03-19 20:19:26,22,10,50.37,89.99,62,88,2.75,8.85,4.28,108.27,1,1,1,73,READY,nao
2026-03-19 20:20:26,33,19,51.28,51.55,75,120,4.62,15.77,6.98,140.17,1,1,1,107,READY,nao
2026-03-19 20:21:26,27,-3,50.01,69.57,95,95,4.51,6.2,5.22,122.28,1,1,1,99,READY,nao
2026-03-19 20:22:26,23,-1,48.55,68.31,99,92,4.42,11.95,3.14,133.13,1,1,1,96,READY,nao
2026-03-19 20:23:26,21,9,48.02,90.86,83,84,3.35,7.98,7.97,118.79,1,1,1,149,READY,nao
2026-03-19 20:24:26,24,-3,49.31,76.8,70,108,3.73,21.08,2.23,111.81,1,1,1,57,READY,nao
2026-03-19 20:25:26,23,30,48.01,109.28,92,94,4.15,6.42,4.05,105.4,1,1,1,118,READY,nao
2026-03-19 20:26:26,30,22,50.26,117.16,100,120,6.03,9.3,3.93,115.74,1,1,1,105,READY,nao
2026-03-19 20:27:26,34,9,46.7,65.71,65,87,2.64,6.45,5.35,98.94,1,1,1,134,READY,nao
2026-03-19 20:28:26,22,13,49.9,115.5,66,86,2.83,20.74,7.88,110.38,1,1,1,100,READY,nao
2026-03-19 20:29:26,34,0,46.31,62.58,90,98,4.08,8.36,3.43,136.96,1,1,1,128,READY,nao
2026-03-19 20:30:26,35,21,46.05,76.67,99,103,4.7,10.47,6.05,105.57,1,1,1,65,READY,nao
2026-03-19 20:31:26,21,-4,51.96,119.38,61,80,2.54,18.28,5.45,100.85,1,1,1,82,READY,nao
2026-03-19 20:32:26,26,16,48.0,74.82,61,115,3.37,21.33,4.61,143.08,1,1,1,52,READY,nao
2026-03-19 20:33:26,19,26,46.71,118.66,100,86,4.02,9.42,3.24,143.86,1,1,1,57,READY,nao
2026-03-19 20:34:26,19,30,50.9,75.5,64,110,3.58,18.46,6.85,141.66,1,1,1,166,READY,nao
2026-03-19 20:35:26,19,3,49.74,110.85,92,119,5.45,23.84,6.73,141.57,1,1,1,47,READY,nao
2026-03-19 20:36:26,29,8,50.41,66.94,66,97,3.23,20.95,6.61,115.94,1,1,1,110,READY,nao
2026-03-19 20:37:26,25,14,51.52,46.7,94,93,4.5,5.47,2.54,118.46,1,1,1,66,READY,nao
2026-03-19 20:38:26,18,27,49.38,42.0,66,84,2.74,11.79,4.43,130.43,1,1,1,125,READY,nao
2026-03-19 20:39:26,27,7,47.95,109.83,70,115,3.86,20.95,3.04,135.67,1,1,1,102,READY,nao
2026-03-19 20:40:26,29,6,47.49,90.11,90,120,5.13,14.22,2.79,96.5,1,1,1,158,READY,nao
2026-03-19 20:41:26,26,19,50.5,54.48,71,91,3.26,17.1,7.26,134.6,1,1,1,50,READY,nao
2026-03-19 20:42:26,18,19,47.87,91.67,65,95,2.96,9.67,7.77,129.65,1,1,1,121,READY,nao
2026-03-19 20:43:26,32,10,49.91,63.94,78,120,4.67,24.81,2.27,117.34,1,1,1,62,READY,nao
2026-03-19 20:44:26,23,30,50.24,25.97,62,85,2.65,10.33,6.34,103.81,1,1,1,163,READY,nao
2026-03-19 20:45:26,27,2,48.27,50.97,93,92,4.13,13.59,5.26,110.72,1,1,1,173,READY,nao
2026-03-19 20:46:26,32,-3,48.67,108.73,65,93,2.94,10.53,6.77,143.73,1,1,1,168,READY,nao
2026-03-19 20:47:26,34,9,46.05,76.0,98,103,4.65,9.33,5.24,114.48,1,1,1,110,READY,nao
2026-03-19 20:48:26,28,25,47.4,111.07,98,93,4.32,23.26,2.86,104.41,1,1,1,53,READY,nao
2026-03-19 20:49:26,26,5,47.26,103.82,86,96,3.9,20.63,7.43,114.21,1,1,1,142,READY,nao
2026-03-19 20:50:26,31,23,51.19,90.78,98,114,5.72,18.17,4.55,122.22,1,1,1,145,READY,nao
2026-03-19 20:51:26,25,16,51.88,39.29,70,81,2.94,14.52,2.23,122.79,1,1,1,78,READY,nao
2026-03-19 20:52:26,31,18,48.47,22.67,82,85,3.38,21.94,5.33,129.08,1,1,1,79,READY,nao
2026-03-19 20:53:26,21,25,50.41,71.49,90,87,3.95,6.79,2.48,108.22,1,1,1,157,READY,nao
2026-03-19 20:54:26,24,8,47.64,82.2,99,116,5.47,20.45,3.22,112.02,1,1,1,144,READY,nao
2026-03-19 20:55:26,25,26,50.74,50.54,94,91,4.34,6.94,2.8,137.2,1,1,1,130,READY,nao
2026-03-19 20:56:26,27,6,50.48,119.53,93,105,4.93,12.88,7.05,104.74,1,1,1,139,READY,nao
2026-03-19 20:57:26,19,30,51.02,72.27,87,118,5.24,6.89,7.87,141.23,1,1,1,60,READY,nao
2026-03-19 20:58:26,21,12,48.36,61.94,76,95,3.49,10.3,2.78,128.89,1,1,1,68,READY,nao
2026-03-19 20:59:26,34,18,47.06,45.58,63,104,3.08,7.09,7.44,98.46,1,1,1,179,READY,nao
2026-03-19 21:00:26,21,4,50.13,67.01,79,118,4.67,12.0,3.22,116.49,1,1,1,117,READY,nao
2026-03-19 21:01:26,24,7,46.77,116.81,64,85,2.54,22.09,6.91,130.13,1,1,1,147,READY,nao
2026-03-19 21:02:26,18,10,51.74,94.38,85,82,3.61,24.64,2.29,108.55,1,1,1,61,READY,nao
2026-03-19 21:03:26,24,24,49.59,73.58,98,83,4.03,13.96,6.66,123.96,1,1,1,105,READY,nao
2026-03-19 21:04:26,20,6,46.84,73.47,98,114,5.23,24.59,2.33,123.81,1,1,1,46,READY,nao
2026-03-19 21:05:26,32,-4,48.86,116.08,64,91,2.85,24.91,3.12,140.62,1,1,1,145,READY,nao
2026-03-19 21:06:26,19,3,46.43,21.83,84,92,3.59,15.97,6.04,130.92,1,1,1,82,READY,nao
2026-03-19 21:07:26,19,-4,51.18,110.5,91,81,3.77,18.63,7.9,124.29,1,1,1,176,READY,nao
2026-03-19 21:08:26,20,27,47.14,106.67,75,95,3.36,15.3,5.78,135.66,1,1,1,118,READY,nao
2026-03-19 21:09:26,21,-4,50.43,108.17,85,115,4.93,19.27,7.04,136.36,1,1,1,66,READY,nao
2026-03-19 21:10:26,26,17,51.41,46.79,62,99,3.16,9.79,6.11,136.99,1,1,1,178,READY,nao
2026-03-19 21:11:26,18,28,48.78,44.02,69,105,3.53,5.38,5.28,103.02,1,1,1,165,READY,nao
2026-03-19 21:12:26,33,-5,47.55,57.31,99,114,5.37,10.93,4.98,103.65,1,1,1,159,READY,nao
2026-03-19 21:13:26,47,-4,50.32,78.71,88,107,4.74,17.76,7.03,103.66,1,1,1,98,ABORT,sim
2026-03-19 21:14:26,24,5,48.85,28.41,77,84,3.16,10.14,2.71,137.71,1,1,1,167,READY,nao
2026-03-19 21:15:26,19,27,48.59,71.29,90,117,5.12,6.2,5.61,127.87,1,1,1,57,READY,nao
2026-03-19 21:16:26,24,9,46.03,93.72,71,104,3.4,18.29,5.48,143.78,1,1,1,131,READY,nao
2026-03-19 21:17:26,20,20,49.02,27.26,67,96,3.15,22.02,3.39,125.9,1,1,1,133,READY,nao
2026-03-19 21:18:26,29,1,46.25,114.78,89,95,3.91,19.6,2.99,126.72,1,1,1,155,READY,nao
2026-03-19 21:19:26,34,23,50.95,45.91,66,98,3.3,17.02,6.29,98.43,1,1,1,170,READY,nao
2026-03-19 21:20:26,27,17,50.7,94.65,91,104,4.8,22.95,3.41,112.75,1,1,1,164,READY,nao
2026-03-19 21:21:26,24,7,48.83,111.3,100,80,3.91,19.92,6.53,140.06,1,1,1,97,READY,nao
2026-03-19 21:22:26,24,29,49.79,45.02,100,96,4.78,19.96,5.34,101.48,1,1,1,104,READY,nao
2026-03-19 21:23:26,32,21,50.72,24.17,80,115,4.67,22.53,3.2,126.38,1,1,1,92,READY,nao
2026-03-19 21:24:26,30,25,48.74,30.16,83,96,3.88,19.17,2.14,125.23,1,1,1,151,READY,nao
2026-03-19 21:25:26,18,-3,46.76,95.75,98,80,3.67,20.89,3.2,137.83,1,1,1,103,READY,nao
2026-03-19 21:26:26,23,5,49.47,95.65,70,114,3.95,17.04,5.02,118.98,1,1,1,169,READY,nao
2026-03-19 21:27:26,27,12,50.46,60.79,90,106,4.81,11.75,3.45,126.02,1,1,1,144,READY,nao
2026-03-19 21:28:26,29,23,48.92,32.42,86,120,5.05,23.25,7.76,129.64,1,1,1,79,READY,nao
2026-03-19 21:29:26,26,6,47.72,72.98,78,94,3.5,20.65,6.68,126.86,1,1,1,178,READY,nao
2026-03-19 21:30:26,30,25,51.08,71.46,77,96,3.78,20.11,4.56,122.54,1,1,1,165,READY,nao
2026-03-19 21:31:26,27,7,49.68,119.06,74,89,3.27,12.22,2.32,97.97,1,1,1,78,READY,nao
2026-03-19 21:32:26,21,14,49.85,90.81,99,107,5.28,10.78,4.47,125.1,1,1,1,120,READY,nao
2026-03-19 21:33:26,32,29,51.13,65.82,69,117,4.13,8.49,6.92,135.37,1,1,1,109,READY,nao
2026-03-19 21:34:26,21,16,46.67,47.02,62,86,2.49,17.22,5.82,116.58,1,1,1,83,READY,nao
2026-03-19 21:35:26,19,10,47.28,34.57,95,100,4.49,6.86,3.26,127.62,1,1,1,82,READY,nao
2026-03-19 21:36:26,29,14,47.66,72.36,81,109,4.21,5.38,6.6,132.57,1,1,1,111,READY,nao
2026-03-19 21:37:26,35,30,50.78,72.79,89,86,3.89,12.65,2.32,144.25,1,1,1,60,READY,nao
2026-03-19 21:38:26,31,3,46.47,64.65,76,119,4.2,21.04,7.56,144.11,1,1,1,74,READY,nao
2026-03-19 21:39:26,33,4,51.57,91.92,60,116,3.59,11.91,3.5,116.18,1,1,1,85,READY,nao
2026-03-19 21:40:26,32,6,48.65,89.74,81,105,4.14,21.99,6.37,142.92,1,1,1,83,READY,nao
2026-03-19 21:41:26,19,26,50.36,57.82,66,91,3.02,6.8,4.71,128.37,1,1,1,170,READY,nao
2026-03-19 21:42:26,18,-2,49.96,59.55,99,85,4.2,6.87,4.78,130.37,1,1,1,142,READY,nao
2026-03-19 21:43:26,20,13,50.45,57.03,97,91,4.45,8.64,5.8,115.45,1,1,1,72,READY,nao
2026-03-19 21:44:26,33,9,48.21,108.45,80,105,4.05,23.78,7.82,137.69,1,1,1,158,READY,nao
2026-03-19 21:45:26,26,6,49.43,43.25,66,94,3.07,13.96,6.46,137.28,1,1,1,74,READY,nao
2026-03-19 21:46:26,28,12,46.64,113.22,66,98,3.02,10.47,5.91,134.83,1,1,1,167,READY,nao
2026-03-19 21:47:26,27,0,51.36,69.77,75,90,3.47,12.69,6.56,95.54,1,1,1,66,READY,nao
2026-03-19 21:48:26,20,26,51.99,51.32,80,119,4.95,10.91,7.23,129.39,1,1,1,69,READY,nao
2026-03-19 21:49:26,30,27,50.03,100.9,71,95,3.37,21.35,2.45,105.98,1,1,1,46,READY,nao
2026-03-19 21:50:26,22,23,46.29,39.92,74,101,3.46,12.37,2.58,104.95,1,1,1,64,READY,nao
2026-03-19 21:51:26,23,7,49.68,77.99,92,109,4.98,17.9,4.24,124.94,1,1,1,130,READY,nao
2026-03-19 21:52:26,34,26,50.78,32.55,91,97,4.48,10.78,7.38,96.16,1,1,1,161,READY,nao
2026-03-19 21:53:26,30,9,48.48,70.87,98,112,5.32,8.23,7.85,95.21,1,1,1,98,READY,nao
2026-03-19 21:54:26,30,4,51.68,51.76,72,108,4.02,20.77,2.22,114.12,1,1,1,135,READY,nao
2026-03-19 21:55:26,31,-1,50.54,21.28,71,94,3.37,20.45,3.9,98.78,1,1,1,49,READY,nao
2026-03-19 21:56:26,32,6,49.07,114.12,78,99,3.79,19.91,3.29,108.16,1,1,1,142,READY,nao
2026-03-19 21:57:26,21,4,50.38,77.86,61,83,2.55,12.85,3.41,108.32,1,1,1,129,READY,nao
2026-03-19 21:58:26,30,27,50.12,68.38,64,83,2.66,13.21,3.13,126.98,1,1,1,53,READY,nao
2026-03-19 21:59:26,27,5,50.67,38.61,84,100,4.26,22.25,5.37,123.36,1,1,1,94,READY,nao
2026-03-19 22:00:26,19,-5,50.45,42.02,95,100,4.79,9.04,7.26,103.49,1,1,1,180,READY,nao
2026-03-19 22:01:26,25,19,47.3,87.48,85,114,4.58,22.57,6.54,121.72,1,1,1,85,READY,nao
2026-03-19 22:02:26,22,1,51.72,117.22,86,86,3.83,16.95,7.09,98.73,1,1,1,168,READY,nao
2026-03-19 22:03:26,21,8,46.59,109.6,96,120,5.37,8.85,7.91,139.77,1,1,1,142,READY,nao
2026-03-19 22:04:26,31,30,51.81,56.95,70,100,3.63,6.32,3.03,132.45,1,1,1,100,READY,nao
2026-03-19 22:05:26,35,27,50.97,90.16,78,108,4.29,12.77,5.39,115.35,1,1,1,84,READY,nao
2026-03-19 22:06:26,33,16,50.25,55.56,86,89,3.85,8.17,2.11,122.35,1,1,1,148,READY,nao
2026-03-19 22:07:26,20,9,46.27,58.01,69,94,3.0,16.68,6.95,99.12,1,1,1,109,READY,nao
2026-03-19 22:08:26,28,24,50.74,43.17,79,114,4.57,5.37,4.63,116.53,1,1,1,117,READY,nao
2026-03-19 22:09:26,23,25,48.34,77.15,100,102,4.93,10.82,4.27,129.5,1,1,1,50,READY,nao
2026-03-19 22:10:26,32,23,51.33,78.28,71,108,3.94,21.36,7.12,122.95,1,1,1,115,READY,nao
2026-03-19 22:11:26,23,25,47.94,81.86,69,110,3.64,15.51,2.15,116.38,1,1,1,110,READY,nao
2026-03-19 22:12:26,32,-4,51.59,77.88,91,91,4.27,14.08,3.62,133.26,1,1,1,173,READY,nao
2026-03-19 22:13:26,29,-2,46.78,38.51,71,87,2.89,24.23,7.94,132.31,1,1,1,70,READY,nao
2026-03-19 22:14:26,22,-4,51.2,81.95,63,96,3.1,10.18,6.84,133.38,1,1,1,92,READY,nao
2026-03-19 22:15:26,24,-2,51.08,87.05,62,112,3.55,12.2,6.58,141.58,1,1,1,119,READY,nao
2026-03-19 22:16:26,29,1,48.12,114.04,100,84,4.04,18.46,3.32,122.97,1,1,1,54,READY,nao
2026-03-19 22:17:26,29,29,50.4,49.59,83,80,3.35,20.65,6.41,111.08,1,1,1,113,READY,nao
2026-03-19 22:18:26,22,0,46.84,98.03,80,94,3.52,7.68,4.0,126.67,1,1,1,158,READY,nao
2026-03-19 22:19:26,25,-2,47.43,25.29,86,116,4.73,18.82,5.21,112.95,1,1,1,156,READY,nao
2026-03-19 22:20:26,25,6,50.95,23.53,65,112,3.71,17.88,3.46,125.21,1,1,1,70,READY,nao
2026-03-19 22:21:26,20,11,46.4,108.92,85,116,4.58,7.87,5.45,101.04,1,1,1,173,READY,nao
2026-03-19 22:22:26,28,27,46.49,104.91,67,102,3.18,10.11,4.5,100.42,1,1,1,123,READY,nao
2026-03-19 22:23:26,35,2,49.1,81.3,93,90,4.11,21.49,3.43,99.83,1,1,1,62,READY,nao
2026-03-19 22:24:26,31,18,48.76,49.05,93,108,4.9,13.89,5.69,139.93,1,1,1,160,READY,nao
2026-03-19 22:25:26,20,26,46.38,95.36,95,112,4.93,22.34,6.86,122.83,1,1,1,128,READY,nao
2026-03-19 22:26:26,29,28,48.3,111.6,72,120,4.17,14.94,5.65,112.69,1,1,1,129,READY,nao
2026-03-19 22:27:26,19,19,49.05,57.44,85,83,3.46,22.16,3.98,104.16,1,1,1,177,READY,nao
2026-03-19 22:28:26,35,10,48.5,32.0,84,116,4.73,17.8,2.46,103.97,1,1,1,53,READY,nao
2026-03-19 22:29:26,29,20,47.78,50.65,76,99,3.59,12.77,4.47,99.49,1,1,1,164,READY,nao
2026-03-19 22:30:26,26,16,46.25,37.5,70,94,3.04,7.12,7.47,110.7,1,1,1,91,READY,nao
2026-03-19 22:31:26,34,-5,47.76,52.92,66,92,2.9,24.14,6.05,112.5,1,1,1,67,READY,nao
2026-03-19 22:32:26,26,28,46.04,47.86,87,117,4.69,7.35,7.45,110.1,1,1,1,91,READY,nao
2026-03-19 22:33:26,19,23,47.63,51.34,82,115,4.49,21.65,5.14,117.31,1,1,1,173,READY,nao
2026-03-19 22:34:26,25,28,47.41,84.78,60,109,3.1,13.74,3.14,134.09,1,1,1,151,READY,nao
2026-03-19 22:35:26,23,10,49.32,72.4,87,88,3.78,14.29,3.34,130.17,1,1,1,142,READY,nao
2026-03-19 22:36:26,33,5,48.41,73.16,70,105,3.56,7.52,6.99,100.63,1,1,1,137,READY,nao
2026-03-19 22:37:26,33,8,50.1,102.33,72,109,3.93,21.23,4.99,131.41,1,1,1,104,READY,nao
2026-03-19 22:38:26,21,-2,51.01,116.83,65,96,3.18,15.29,5.05,104.0,1,1,1,164,READY,nao
2026-03-19 22:39:26,20,-2,50.77,117.43,65,97,3.2,5.72,3.72,142.24,1,1,1,73,READY,nao
2026-03-19 22:40:26,25,4,47.43,79.77,81,95,3.65,9.34,7.34,133.83,1,1,1,63,READY,nao
2026-03-19 22:41:26,22,-1,46.99,119.56,61,81,2.32,19.53,3.57,105.25,1,1,1,53,READY,nao
2026-03-19 22:42:26,19,26,48.48,117.59,97,119,5.6,17.64,6.59,104.75,1,1,1,117,READY,nao
2026-03-19 22:43:26,26,-3,49.77,101.4,61,113,3.43,12.32,5.84,113.83,1,1,1,162,READY,nao
2026-03-19 22:44:26,33,3,49.9,117.34,80,113,4.51,14.66,2.12,102.21,1,1,1,161,READY,nao
2026-03-19 22:45:26,24,30,46.07,108.74,98,85,3.84,12.04,6.7,105.94,1,1,1,70,READY,nao
2026-03-19 22:46:26,31,-1,51.72,66.49,84,85,3.69,11.18,2.07,135.41,1,1,1,108,READY,nao
2026-03-19 22:47:26,26,0,50.42,102.19,80,107,4.32,7.65,7.0,138.84,1,1,1,179,READY,nao
2026-03-19 22:48:26,27,-2,48.74,29.84,76,109,4.04,18.65,6.65,106.97,1,1,0,112,ABORT,sim
2026-03-19 22:49:26,18,-5,46.48,36.12,73,87,2.95,19.95,7.81,112.67,1,1,1,145,READY,nao
2026-03-19 22:50:26,35,17,46.94,22.65,93,99,4.32,7.99,3.77,123.68,1,1,1,154,READY,nao
2026-03-19 22:51:26,29,-4,50.19,52.42,93,118,5.51,21.36,7.01,98.15,1,1,1,61,READY,nao
2026-03-19 22:52:26,31,10,47.64,53.05,68,81,2.62,7.49,4.03,131.1,1,1,1,159,READY,nao
2026-03-19 22:53:26,28,-2,51.99,28.66,100,91,4.73,17.25,2.7,101.3,1,1,1,133,READY,nao
2026-03-19 22:54:26,24,14,51.68,25.39,91,100,4.7,20.95,6.84,113.66,1,1,1,130,READY,nao
2026-03-19 22:55:26,26,11,50.39,85.26,75,117,4.42,6.21,6.68,144.36,1,1,1,167,READY,nao
2026-03-19 22:56:26,26,4,51.21,105.37,64,93,3.05,5.19,3.01,97.29,1,1,1,56,READY,nao
2026-03-19 22:57:26,32,23,47.28,55.26,66,94,2.93,20.63,5.12,126.13,1,1,1,166,READY,nao
2026-03-19 22:58:26,26,-1,50.5,54.23,73,118,4.35,22.67,4.01,139.94,1,1,1,71,READY,nao
2026-03-19 22:59:26,21,-4,48.88,117.58,65,108,3.43,18.04,4.26,99.94,1,1,1,73,READY,nao
2026-03-19 23:00:26,20,0,47.44,26.33,100,93,4.41,18.96,6.34,95.12,1,1,1,147,READY,nao
2026-03-19 23:01:26,35,0,47.17,49.35,87,103,4.23,7.47,2.51,103.51,1,1,1,109,READY,nao
2026-03-19 23:02:26,22,9,51.2,69.37,84,101,4.34,11.06,2.07,133.0,1,1,1,123,READY,nao
2026-03-19 23:03:26,25,-4,49.0,66.85,69,106,3.58,18.61,4.83,97.16,1,1,1,66,READY,nao
2026-03-19 23:04:26,35,6,48.98,34.0,71,89,3.1,5.38,6.62,106.51,1,1,1,145,READY,nao
2026-03-19 23:05:26,28,26,47.72,29.99,63,84,2.53,5.12,7.44,121.99,1,1,1,143,READY,nao
2026-03-19 23:06:26,24,10,51.08,44.08,92,100,4.7,9.59,5.79,122.37,1,1,1,119,READY,nao
2026-03-19 23:07:26,28,-2,46.74,66.32,83,99,3.84,15.93,5.4,129.29,1,1,1,100,READY,nao
2026-03-19 23:08:26,28,16,48.63,114.96,66,118,3.79,23.49,6.96,107.36,1,1,1,58,READY,nao
2026-03-19 23:09:26,33,27,49.03,44.66,95,91,4.24,9.52,6.18,101.5,1,1,1,147,READY,nao
2026-03-19 23:10:26,31,0,50.54,94.24,90,85,3.87,11.82,6.03,138.0,1,1,1,67,READY,nao
2026-03-19 23:11:26,20,7,49.55,66.42,69,98,3.35,18.98,4.65,135.05,1,1,1,148,READY,nao
2026-03-19 23:12:26,27,0,48.6,37.68,98,105,5.0,14.07,5.81,141.17,1,1,1,71,READY,nao
2026-03-19 23:13:26,33,-4,48.63,80.05,63,112,3.43,23.91,7.74,114.7,1,1,1,109,READY,nao
2026-03-19 23:14:26,29,7,47.26,90.96,81,84,3.22,14.66,6.31,110.49,1,1,1,123,READY,nao
2026-03-19 23:15:26,29,8,50.67,63.54,64,81,2.63,14.7,6.69,126.84,1,1,1,97,READY,nao
2026-03-19 23:16:26,19,30,48.62,55.28,67,101,3.29,21.34,7.05,101.96,1,1,1,62,READY,nao
2026-03-19 23:17:26,24,30,46.36,71.02,81,116,4.36,10.28,4.03,128.67,1,1,1,111,READY,nao
2026-03-19 23:18:26,20,-2,48.19,84.99,86,102,4.23,9.2,2.73,140.7,1,1,1,164,READY,nao
2026-03-19 23:19:26,24,6,46.5,66.09,90,111,4.65,17.64,4.94,108.53,1,1,1,105,READY,nao
2026-03-19 23:20:26,34,14,51.74,43.74,68,96,3.38,12.77,2.17,118.86,1,1,1,66,READY,nao
2026-03-19 23:21:26,27,24,50.88,95.54,63,86,2.76,18.73,5.8,102.93,1,1,1,81,READY,nao
2026-03-19 23:22:26,20,5,48.17,30.1,64,87,2.68,7.06,4.12,132.78,1,1,1,166,READY,nao
2026-03-19 23:23:26,22,19,46.09,44.17,67,107,3.3,5.7,5.66,106.71,1,1,1,123,READY,nao
2026-03-19 23:24:26,24,25,47.21,35.27,71,108,3.62,22.83,4.43,127.55,1,1,1,95,READY,nao
2026-03-19 23:25:26,35,17,49.19,88.68,83,109,4.45,16.42,4.35,105.15,1,1,1,45,READY,nao
2026-03-19 23:26:26,21,2,49.09,22.34,79,105,4.07,6.4,2.51,133.18,1,1,1,137,READY,nao
2026-03-19 23:27:26,25,-3,47.83,21.43,92,84,3.7,15.99,6.8,115.25,1,1,1,154,READY,nao
2026-03-19 23:28:26,25,-2,46.81,57.05,88,106,4.37,6.41,4.78,131.74,1,1,1,143,READY,nao
2026-03-19 23:29:26,27,24,48.58,34.21,72,94,3.29,14.89,7.53,106.15,1,1,1,177,READY,nao
2026-03-19 23:30:26,29,20,49.58,75.71,95,108,5.09,5.31,7.04,99.0,1,1,1,81,READY,nao
2026-03-19 23:31:26,32,22,47.86,61.59,71,119,4.04,14.66,7.31,138.87,1,1,1,55,READY,nao
2026-03-19 23:32:26,18,25,47.68,75.79,90,106,4.55,14.99,5.96,138.19,1,1,1,61,READY,nao
2026-03-19 23:33:26,35,8,46.8,101.15,79,83,3.07,5.64,4.02,144.19,1,1,1,179,READY,nao
2026-03-19 23:34:26,22,24,47.29,86.56,70,120,3.97,7.16,3.33,130.9,1,1,1,123,READY,nao
2026-03-19 23:35:26,24,-1,51.4,109.95,61,82,2.57,23.31,7.84,140.84,1,1,1,133,READY,nao
2026-03-19 23:36:26,24,4,46.81,87.83,95,112,4.98,14.5,6.94,134.12,1,1,1,149,READY,nao
2026-03-19 23:37:26,19,-3,47.71,51.14,82,95,3.72,18.77,2.73,129.26,1,1,1,116,READY,nao
2026-03-19 23:38:26,32,19,46.62,68.81,68,116,3.68,11.33,6.57,132.34,1,1,1,91,READY,nao
2026-03-19 23:39:26,34,10,50.62,41.96,81,90,3.69,6.19,7.34,137.73,1,1,1,169,READY,nao
2026-03-19 23:40:26,27,4,50.91,118.14,74,100,3.77,16.13,2.47,102.19,1,1,1,83,READY,nao
2026-03-19 23:41:26,25,7,48.27,85.68,91,91,4.0,20.88,2.93,129.37,1,1,1,120,READY,nao
2026-03-19 23:42:26,23,9,46.72,69.82,86,84,3.37,13.55,4.78,132.19,1,1,1,102,READY,nao
2026-03-19 23:43:26,31,25,48.76,23.34,66,109,3.51,19.26,6.97,115.23,1,1,1,137,READY,nao
2026-03-19 23:44:26,24,25,47.96,38.34,87,96,4.01,9.72,6.06,140.07,1,1,1,122,READY,nao
2026-03-19 23:45:26,27,-1,51.74,79.69,87,87,3.92,11.37,4.4,139.58,1,1,1,55,READY,nao
2026-03-19 23:46:26,23,15,47.39,77.56,98,87,4.04,15.4,3.41,122.51,1,1,1,153,READY,nao
2026-03-19 23:47:26,28,2,51.5,96.35,69,116,4.12,6.68,2.91,129.07,1,1,1,61,READY,nao
2026-03-19 23:48:26,18,19,47.31,116.97,76,103,3.7,9.81,6.96,101.07,1,1,1,101,READY,nao
2026-03-19 23:49:26,30,1,50.32,30.82,61,83,2.55,15.73,4.65,100.02,1,1,1,119,READY,nao
2026-03-19 23:50:26,25,6,49.78,89.16,93,83,3.84,14.92,2.47,95.71,1,1,1,80,READY,nao
2026-03-19 23:51:26,20,-1,49.54,57.31,73,107,3.87,5.66,4.69,134.84,1,1,1,178,READY,nao
2026-03-19 23:52:26,23,14,51.22,77.55,72,101,3.72,15.67,3.95,102.02,1,1,1,120,READY,nao
2026-03-19 23:53:26,24,22,46.2,26.36,71,103,3.38,18.62,5.02,99.01,1,1,1,87,READY,nao
2026-03-19 23:54:26,35,10,47.42,106.6,74,80,2.81,8.05,6.16,102.17,1,1,1,98,READY,nao
2026-03-19 23:55:26,28,24,47.48,66.06,91,95,4.1,17.57,7.83,106.25,1,1,1,81,READY,nao
2026-03-19 23:56:26,29,-3,47.63,38.64,96,83,3.79,15.91,5.81,96.81,1,1,1,114,READY,nao
2026-03-19 23:57:26,19,6,47.0,38.17,90,83,3.51,22.65,2.33,138.68,1,1,1,162,READY,nao
2026-03-19 23:58:26,34,19,47.45,73.27,85,120,4.84,18.08,3.05,98.0,1,1,1,173,READY,nao
2026-03-19 23:59:26,22,7,48.66,62.0,71,109,3.77,7.3,3.96,123.45,1,1,1,101,READY,nao
2026-03-20 00:00:26,20,-2,46.47,21.85,78,86,3.12,11.46,3.77,97.06,1,1,1,58,READY,nao
2026-03-20 00:01:26,20,-1,46.43,64.47,63,113,3.31,17.8,7.54,113.06,1,1,1,107,READY,nao
2026-03-20 00:02:26,29,11,47.36,31.04,61,107,3.09,11.1,7.29,138.17,1,1,1,78,READY,nao
2026-03-20 00:03:26,27,7,50.0,75.89,84,114,4.79,19.63,6.69,128.11,1,1,1,69,READY,nao
2026-03-20 00:04:26,27,9,49.37,38.91,64,110,3.48,21.22,6.47,99.71,1,1,1,114,READY,nao
2026-03-20 00:05:26,19,-1,47.1,73.18,78,114,4.19,22.79,6.82,144.04,1,1,1,165,READY,nao
2026-03-20 00:06:26,18,18,49.41,31.71,60,83,2.46,11.6,5.46,143.09,1,1,1,160,READY,nao
2026-03-20 00:07:26,32,24,46.8,104.41,96,120,5.39,17.64,4.74,100.53,1,1,1,105,READY,nao
2026-03-20 00:08:26,30,13,51.48,105.39,93,83,3.97,8.88,2.83,129.87,1,1,1,119,READY,nao
2026-03-20 00:09:26,34,16,49.7,36.28,66,90,2.95,8.41,4.65,117.47,1,1,1,83,READY,nao
2026-03-20 00:10:26,35,24,48.35,70.22,80,118,4.56,13.94,4.18,126.0,1,1,1,142,READY,nao
2026-03-20 00:11:26,32,6,51.43,81.38,100,82,4.22,11.34,2.24,128.99,1,1,1,93,READY,nao
2026-03-20 00:12:26,29,7,49.03,86.02,96,91,4.28,23.37,3.86,105.39,1,1,1,87,READY,nao
2026-03-20 00:13:26,22,25,46.2,95.15,86,104,4.13,10.12,6.0,121.28,1,1,1,123,READY,nao
2026-03-20 00:14:26,27,-1,50.09,56.52,65,118,3.84,17.56,5.72,115.04,1,1,1,67,READY,nao
2026-03-20 00:15:26,35,10,51.22,34.32,61,88,2.75,18.79,2.7,143.66,1,1,1,156,READY,nao
2026-03-20 00:16:26,27,22,48.33,99.93,85,83,3.41,23.28,7.17,117.04,1,1,1,166,READY,nao
2026-03-20 00:17:26,34,18,50.16,116.55,97,89,4.33,13.01,3.3,142.5,1,1,1,73,READY,nao
2026-03-20 00:18:26,29,-3,51.92,67.76,71,112,4.13,15.49,2.78,126.77,1,1,1,50,READY,nao
2026-03-20 00:19:26,25,-5,47.49,27.85,77,105,3.84,7.99,7.97,141.4,1,1,1,107,READY,nao
2026-03-20 00:20:26,26,9,47.36,51.07,86,88,3.58,15.87,2.62,109.5,1,1,1,118,READY,nao
2026-03-20 00:21:26,23,8,48.71,53.45,83,118,4.77,8.44,7.82,139.63,1,1,1,153,READY,nao
2026-03-20 00:22:26,24,0,50.31,74.23,85,112,4.79,15.07,7.71,130.83,1,1,1,117,READY,nao
2026-03-20 00:23:26,25,23,46.94,115.3,64,105,3.15,15.5,6.4,103.39,1,1,1,172,READY,nao
2026-03-20 00:24:26,25,-2,48.89,93.07,91,110,4.89,17.84,6.19,128.14,1,1,1,100,READY,nao
2026-03-20 00:25:26,21,1,50.9,119.57,83,84,3.55,9.21,6.52,116.42,1,1,1,107,READY,nao
2026-03-20 00:26:26,23,20,47.69,68.65,99,97,4.58,12.18,5.31,130.67,1,1,1,57,READY,nao
2026-03-20 00:27:26,35,0,47.13,24.88,90,85,3.61,20.19,5.36,113.41,1,1,1,62,READY,nao
2026-03-20 00:28:26,25,3,51.23,73.17,91,119,5.55,18.43,5.02,140.54,1,1,1,121,READY,nao
2026-03-20 00:29:26,21,5,47.99,117.21,82,104,4.09,6.62,7.28,112.84,1,1,1,146,READY,nao
2026-03-20 00:30:26,32,2,46.98,79.14,76,94,3.36,15.43,6.97,135.39,1,1,1,159,READY,nao
2026-03-20 00:31:26,22,-5,47.66,45.89,90,97,4.16,21.37,4.69,100.17,1,1,1,122,READY,nao
2026-03-20 00:32:26,31,27,50.97,22.83,71,85,3.08,9.04,5.75,111.63,1,1,1,47,READY,nao
2026-03-20 00:33:26,30,9,49.66,86.83,83,111,4.57,15.35,5.13,115.26,1,1,1,118,READY,nao
2026-03-20 00:34:26,29,1,46.31,72.89,62,118,3.39,10.25,7.83,103.13,1,1,1,63,READY,nao
2026-03-20 00:35:26,18,0,46.61,119.18,100,103,4.8,16.04,7.6,118.89,1,1,1,68,READY,nao
2026-03-20 00:36:26,20,1,50.48,71.17,82,89,3.68,10.11,5.88,136.76,1,1,1,123,READY,nao
2026-03-20 00:37:26,34,26,48.77,110.99,80,86,3.36,18.76,6.8,133.96,1,1,1,170,READY,nao
2026-03-20 00:38:26,31,22,49.32,61.03,84,111,4.6,7.76,6.82,132.44,1,1,1,53,READY,nao
2026-03-20 00:39:26,35,4,46.46,107.51,94,107,4.67,11.99,2.98,139.53,1,1,1,98,READY,nao
2026-03-20 00:40:26,26,30,51.48,110.8,60,85,2.63,18.76,4.19,131.52,1,1,1,120,READY,nao
2026-03-20 00:41:26,18,6,47.89,34.8,82,98,3.85,20.71,2.56,125.75,1,1,1,155,READY,nao
2026-03-20 00:42:26,24,1,47.08,20.71,64,94,2.83,8.14,6.53,96.08,1,1,1,150,READY,nao
2026-03-20 00:43:26,22,2,50.48,75.29,91,112,5.14,11.47,7.7,104.49,1,1,1,133,READY,nao
2026-03-20 00:44:26,34,21,50.99,85.8,86,114,5.0,12.17,3.71,128.72,1,1,1,125,READY,nao
2026-03-20 00:45:26,30,0,49.45,105.54,66,98,3.2,13.6,4.19,117.67,1,1,1,176,READY,nao
2026-03-20 00:46:26,32,9,48.76,51.77,72,97,3.41,13.26,4.09,107.33,1,1,1,66,READY,nao
2026-03-20 00:47:26,26,25,48.34,39.17,62,113,3.39,16.21,5.49,131.34,1,1,1,114,READY,nao
2026-03-20 00:48:26,31,-3,49.97,72.17,93,83,3.86,23.51,6.28,126.42,1,1,1,117,READY,nao
2026-03-20 00:49:26,35,30,48.54,74.88,18,111,0.97,17.37,3.86,123.25,1,1,1,180,ABORT,sim
2026-03-20 00:50:26,19,14,47.22,22.2,82,97,3.76,14.25,2.8,105.22,1,1,1,153,READY,nao
2026-03-20 00:51:26,25,12,47.54,71.49,68,87,2.81,11.55,3.98,133.36,1,1,1,118,READY,nao
2026-03-20 00:52:26,45,21,49.58,86.85,80,84,3.33,21.51,7.82,136.33,1,1,1,173,ABORT,sim
2026-03-20 00:53:26,27,7,49.49,61.18,67,103,3.42,22.17,3.3,138.73,1,1,1,144,READY,nao
2026-03-20 00:54:26,29,30,47.44,59.53,90,101,4.31,14.65,4.76,118.46,1,1,1,85,READY,nao
2026-03-20 00:55:26,28,0,49.48,42.02,83,89,3.66,7.48,7.67,106.71,1,1,1,179,READY,nao
2026-03-20 00:56:26,23,30,48.13,113.4,97,112,5.23,18.5,4.92,123.07,1,1,1,86,READY,nao
2026-03-20 00:57:26,22,27,46.67,48.97,78,84,3.06,19.19,2.11,130.05,1,1,1,136,READY,nao
2026-03-20 00:58:26,27,-5,46.08,79.02,94,86,3.72,9.91,7.65,111.92,1,0,1,86,ABORT,sim
2026-03-20 00:59:26,35,29,50.42,73.49,82,93,3.85,16.83,4.38,128.33,1,1,1,171,READY,nao
2026-03-20 01:00:26,28,4,46.21,86.2,79,89,3.25,9.74,3.34,95.82,1,1,1,69,READY,nao
2026-03-20 01:01:26,30,8,48.86,24.76,61,97,2.89,15.42,2.34,131.59,1,1,1,95,READY,nao
2026-03-20 01:02:26,21,9,51.2,80.39,75,85,3.26,13.65,4.74,100.61,1,1,1,131,READY,nao
2026-03-20 01:03:26,24,-2,48.59,81.54,92,108,4.83,16.73,6.26,110.68,1,1,1,135,READY,nao
2026-03-20 01:04:26,31,-2,48.82,72.2,63,81,2.49,6.39,6.49,95.41,1,1,1,129,READY,nao
2026-03-20 01:05:26,26,-4,49.6,46.53,64,119,3.78,21.76,7.47,144.37,1,1,1,47,READY,nao
2026-03-20 01:06:26,30,23,47.42,43.89,78,105,3.88,23.45,6.34,116.97,1,1,1,48,READY,nao
2026-03-20 01:07:26,24,0,48.57,40.66,73,99,3.51,13.51,7.87,140.66,1,1,1,168,READY,nao
2026-03-20 01:08:26,34,30,46.89,117.81,81,102,3.87,7.15,5.82,116.44,1,1,1,46,READY,nao
2026-03-20 01:09:26,22,14,50.4,85.41,85,108,4.63,24.84,5.42,101.43,1,1,1,65,READY,nao
2026-03-20 01:10:26,32,2,50.96,59.21,99,102,5.15,5.05,5.72,103.03,1,1,1,116,READY,nao
2026-03-20 01:11:26,23,23,50.73,72.54,91,108,4.99,17.59,2.16,120.2,1,1,1,72,READY,nao
2026-03-20 01:12:26,25,23,49.51,106.21,99,118,5.78,17.89,5.57,141.08,1,1,1,179,READY,nao
2026-03-20 01:13:26,18,18,46.06,111.2,69,109,3.46,18.89,7.4,114.54,1,1,1,159,READY,nao
2026-03-20 01:14:26,35,3,47.77,93.89,100,80,3.82,11.75,2.13,129.9,1,1,1,138,READY,nao
2026-03-20 01:15:26,29,19,51.08,72.18,77,114,4.48,24.53,3.45,109.58,1,1,1,113,READY,nao
2026-03-20 01:16:26,27,-3,48.23,49.22,89,93,3.99,12.89,6.36,131.87,1,1,1,83,READY,nao
2026-03-20 01:17:26,28,-2,48.62,102.31,88,106,4.54,9.74,5.8,144.13,1,1,1,94,READY,nao
2026-03-20 01:18:26,33,21,49.55,41.32,87,89,3.84,15.19,6.88,100.78,1,1,1,148,READY,nao
2026-03-20 01:19:26,22,17,50.28,104.13,91,104,4.76,7.54,6.13,127.25,1,1,1,121,READY,nao
2026-03-20 01:20:26,30,6,50.16,22.79,87,97,4.23,19.16,2.87,112.19,1,1,1,156,READY,nao
2026-03-20 01:21:26,27,-3,46.71,51.71,76,100,3.55,6.63,4.75,144.1,1,1,1,63,READY,nao
2026-03-20 01:22:26,29,-3,47.68,41.07,85,97,3.93,5.18,7.84,116.53,1,1,1,178,READY,nao
2026-03-20 01:23:26,27,0,48.02,76.84,90,111,4.8,8.14,6.25,143.45,1,1,1,55,READY,nao
2026-03-20 01:24:26,25,5,48.05,46.75,98,86,4.05,12.04,6.15,109.12,1,1,1,158,READY,nao
2026-03-20 01:25:26,34,17,48.09,52.26,62,85,2.53,21.0,5.83,138.93,1,1,1,109,READY,nao
2026-03-20 01:26:26,21,23,50.77,74.77,96,92,4.48,23.39,5.06,140.94,1,1,1,110,READY,nao
2026-03-20 01:27:26,28,19,50.84,58.32,88,98,4.38,11.59,3.74,110.92,1,1,1,138,READY,nao
2026-03-20 01:28:26,21,3,49.56,26.0,60,106,3.15,10.06,7.47,144.84,1,1,1,125,READY,nao
2026-03-20 01:29:26,33,2,49.76,45.21,89,86,3.81,7.49,3.16,134.45,1,1,1,172,READY,nao
2026-03-20 01:30:26,18,1,48.11,50.44,76,119,4.35,16.27,5.66,115.78,1,1,1,126,READY,nao
2026-03-20 01:31:26,23,28,49.56,96.11,83,96,3.95,8.91,4.47,111.25,1,1,1,51,READY,nao
2026-03-20 01:32:26,28,24,48.46,111.03,96,103,4.79,18.55,6.57,112.01,1,1,1,133,READY,nao
2026-03-20 01:33:26,22,-2,49.46,79.04,91,105,4.73,12.63,3.65,139.74,1,1,1,88,READY,nao
2026-03-20 01:34:26,33,19,49.62,95.21,91,113,5.1,21.53,5.48,139.71,1,1,1,115,READY,nao
2026-03-20 01:35:26,23,-1,48.74,109.49,76,85,3.15,5.02,4.55,134.05,1,1,1,68,READY,nao
2026-03-20 01:36:26,18,16,49.59,28.53,78,84,3.25,14.33,3.13,133.01,1,1,1,134,READY,nao
2026-03-20 01:37:26,20,7,46.67,60.8,72,107,3.6,24.16,3.88,109.81,1,1,1,159,READY,nao
2026-03-20 01:38:26,30,22,47.19,74.63,67,111,3.51,22.73,3.13,111.35,1,1,1,170,READY,nao
2026-03-20 01:39:26,20,16,48.19,107.8,71,86,2.94,23.9,3.37,122.65,1,1,1,159,READY,nao
2026-03-20 01:40:26,19,11,48.16,81.39,83,104,4.16,6.63,6.61,143.43,1,1,1,150,READY,nao
2026-03-20 01:41:26,18,29,51.55,88.32,63,103,3.35,20.11,7.83,98.17,1,1,1,164,READY,nao
2026-03-20 01:42:26,21,26,50.2,53.59,67,97,3.26,11.69,7.18,118.62,1,1,1,122,READY,nao
2026-03-20 01:43:26,25,-5,49.68,115.39,88,81,3.54,22.37,2.46,96.5,1,1,1,70,READY,nao
2026-03-20 01:44:26,24,19,50.29,86.48,60,82,2.47,20.61,2.78,127.59,1,1,1,110,READY,nao
2026-03-20 01:45:26,32,16,47.49,76.69,72,119,4.07,24.47,7.46,128.86,1,1,1,172,READY,nao
2026-03-20 01:46:26,23,-2,47.97,70.41,99,81,3.85,9.53,5.67,122.77,1,1,1,131,READY,nao
2026-03-20 01:47:26,26,28,49.86,56.41,92,99,4.54,12.21,3.21,95.96,1,1,1,82,READY,nao
2026-03-20 01:48:26,27,1,50.82,29.25,98,91,4.53,16.8,5.91,138.25,1,1,1,130,READY,nao
2026-03-20 01:49:26,30,4,51.47,57.12,67,110,3.79,22.51,4.96,127.9,1,1,1,111,READY,nao
2026-03-20 01:50:26,33,9,48.45,61.35,73,116,4.1,14.91,5.13,106.09,1,1,1,152,READY,nao
2026-03-20 01:51:26,24,14,47.44,69.6,69,110,3.6,22.57,4.92,97.61,1,1,1,90,READY,nao
2026-03-20 01:52:26,18,-3,49.94,80.64,88,117,5.14,7.08,3.48,136.88,1,1,1,135,READY,nao
2026-03-20 01:53:26,19,7,50.47,88.63,85,106,4.55,17.23,2.41,132.09,1,1,1,76,READY,nao
2026-03-20 01:54:26,30,26,48.65,59.8,87,82,3.47,23.14,3.58,138.85,1,1,1,61,READY,nao
2026-03-20 01:55:26,33,11,49.95,87.02,96,90,4.32,21.78,7.34,137.36,1,1,1,158,READY,nao
2026-03-20 01:56:26,32,23,49.43,59.44,77,119,4.53,19.56,4.12,126.75,1,1,1,147,READY,nao
2026-03-20 01:57:26,20,26,49.83,56.03,76,89,3.37,5.99,6.57,110.99,1,1,1,89,READY,nao
2026-03-20 01:58:26,22,13,47.44,56.1,67,105,3.34,24.13,6.65,99.0,1,1,1,124,READY,nao
2026-03-20 01:59:26,20,-2,50.21,94.11,74,109,4.05,14.31,6.63,108.02,1,1,1,105,READY,nao
2026-03-20 02:00:26,26,-5,50.26,30.1,97,87,4.24,7.36,3.6,103.83,1,1,1,98,READY,nao
2026-03-20 02:01:26,30,-1,46.34,45.36,64,117,3.47,7.26,4.27,123.96,1,1,1,79,READY,nao
2026-03-20 02:02:26,20,3,47.31,61.38,73,117,4.04,18.38,4.28,134.45,1,1,1,121,READY,nao
2026-03-20 02:03:26,34,26,48.76,76.01,89,112,4.86,24.24,7.34,98.29,1,1,1,118,READY,nao
2026-03-20 02:04:26,32,17,51.02,73.96,68,91,3.16,17.61,2.92,103.41,1,1,1,127,READY,nao
2026-03-20 02:05:26,31,28,51.22,105.84,69,112,3.96,16.8,3.31,115.92,1,1,1,117,READY,nao
2026-03-20 02:06:26,22,29,47.23,102.43,74,120,4.19,10.71,6.47,128.87,1,1,1,87,READY,nao
2026-03-20 02:07:26,19,29,47.05,50.96,97,97,4.43,24.27,5.19,95.26,1,1,1,73,READY,nao
2026-03-20 02:08:26,33,-1,46.87,45.54,87,105,4.28,11.2,3.11,129.45,1,1,1,50,READY,nao
2026-03-20 02:09:26,22,8,51.92,54.15,68,90,3.18,16.7,7.79,143.47,1,1,1,108,READY,nao
2026-03-20 02:10:26,32,24,49.55,50.8,98,86,4.18,24.01,6.37,104.63,1,1,1,113,READY,nao
2026-03-20 02:11:26,22,20,50.42,82.33,67,112,3.78,18.73,4.43,117.65,1,1,1,160,READY,nao
2026-03-20 02:12:26,29,25,46.45,21.31,62,90,2.59,10.91,4.96,120.87,1,1,1,61,READY,nao
2026-03-20 02:13:26,21,-4,48.41,104.67,75,90,3.27,6.82,7.56,123.5,1,1,1,164,READY,nao
2026-03-20 02:14:26,19,11,46.21,26.45,96,105,4.66,24.9,6.32,137.66,1,1,1,115,READY,nao
2026-03-20 02:15:26,20,-5,51.19,101.0,82,95,3.99,10.76,7.38,122.6,1,1,1,145,READY,nao
2026-03-20 02:16:26,25,27,46.9,46.03,72,99,3.34,19.19,5.53,99.21,1,1,1,96,READY,nao
2026-03-20 02:17:26,33,20,49.54,109.19,85,90,3.79,6.64,6.92,142.67,1,1,1,101,READY,nao
2026-03-20 02:18:26,33,19,48.1,25.68,91,83,3.63,6.42,6.01,97.71,1,1,1,111,READY,nao
2026-03-20 02:19:26,35,-1,50.94,117.4,70,108,3.85,12.92,6.14,109.52,1,1,1,173,READY,nao
2026-03-20 02:20:26,34,26,47.25,100.55,70,101,3.34,13.35,3.22,114.85,1,1,1,132,READY,nao
2026-03-20 02:21:26,25,15,49.05,76.33,73,81,2.9,5.69,2.22,110.27,1,1,1,65,READY,nao
2026-03-20 02:22:26,20,-2,49.89,97.7,89,111,4.93,12.22,5.91,144.83,1,1,1,51,READY,nao
2026-03-20 02:23:26,21,30,51.58,31.2,91,99,4.65,19.75,4.9,119.64,1,1,1,65,READY,nao
2026-03-20 02:24:26,28,17,46.69,70.09,73,94,3.2,15.41,3.78,140.69,1,1,1,175,READY,nao
2026-03-20 02:25:26,20,27,47.22,105.37,99,86,4.02,24.47,7.71,124.79,1,1,1,151,READY,nao
2026-03-20 02:26:26,34,0,46.12,20.07,78,84,3.02,14.41,2.23,100.26,1,1,1,46,READY,nao
2026-03-20 02:27:26,30,-2,46.6,30.28,94,91,3.99,14.35,6.55,128.35,1,1,1,56,READY,nao
2026-03-20 02:28:26,19,21,49.26,60.11,68,93,3.12,16.59,5.68,116.43,1,1,1,138,READY,nao
2026-03-20 02:29:26,34,20,47.31,28.37,100,96,4.54,12.08,5.14,132.74,1,1,1,114,READY,nao
2026-03-20 02:30:26,25,-2,50.03,88.96,79,119,4.7,15.19,2.3,106.18,1,1,1,117,READY,nao
2026-03-20 02:31:26,26,-5,49.8,106.55,72,105,3.77,15.57,3.63,118.14,1,1,1,146,READY,nao
2026-03-20 02:32:26,34,1,50.67,65.32,65,80,2.63,24.83,7.18,118.84,1,1,1,175,READY,nao
2026-03-20 02:33:26,33,19,48.58,109.58,90,102,4.46,22.75,5.59,95.1,1,1,1,88,READY,nao
2026-03-20 02:34:26,25,6,46.69,104.66,68,81,2.57,22.2,3.46,101.38,1,1,1,71,READY,nao
2026-03-20 02:35:26,27,22,51.01,48.38,67,111,3.79,13.98,3.73,135.44,1,1,1,86,READY,nao
2026-03-20 02:36:26,29,9,48.02,44.27,95,82,3.74,11.02,7.47,98.32,1,1,1,141,READY,nao
2026-03-20 02:37:26,30,12,51.98,86.36,92,92,4.4,11.73,3.85,111.47,1,1,1,88,READY,nao
2026-03-20 02:38:26,28,29,49.99,91.42,72,90,3.24,11.5,4.69,135.06,1,1,1,51,READY,nao
2026-03-20 02:39:26,35,19,49.32,29.66,76,118,4.42,21.11,4.52,110.02,1,1,1,69,READY,nao
2026-03-20 02:40:26,24,25,51.94,100.36,79,113,4.64,20.04,2.58,118.7,1,1,1,77,READY,nao
2026-03-20 02:41:26,24,17,49.51,59.62,78,113,4.36,12.72,6.69,112.84,1,1,1,120,READY,nao
2026-03-20 02:42:26,19,10,47.33,31.94,84,119,4.73,16.59,4.1,142.82,1,1,1,81,READY,nao
2026-03-20 02:43:26,32,-4,46.36,99.2,74,104,3.57,21.21,7.49,139.5,1,1,1,112,READY,nao
2026-03-20 02:44:26,18,-4,48.37,98.18,69,80,2.67,9.25,6.57,131.68,1,1,1,105,READY,nao
2026-03-20 02:45:26,22,11,50.02,115.56,73,112,4.09,19.82,7.02,102.59,1,1,1,118,READY,nao
2026-03-20 02:46:26,32,8,46.22,112.9,78,119,4.29,14.7,5.12,115.83,1,1,1,50,READY,nao
2026-03-20 02:47:26,24,-3,47.71,28.06,76,112,4.06,5.14,2.15,119.18,1,1,1,173,READY,nao
2026-03-20 02:48:26,25,5,50.09,86.68,87,117,5.1,11.04,4.49,100.64,1,1,1,68,READY,nao
2026-03-20 02:49:26,22,0,48.81,68.16,79,112,4.32,10.19,6.4,96.78,1,1,1,134,READY,nao
2026-03-20 02:50:26,28,2,46.01,62.22,100,115,5.29,19.92,4.22,135.83,1,1,1,118,READY,nao
2026-03-20 02:51:26,29,4,50.2,54.61,93,98,4.58,24.2,4.18,114.57,1,1,1,147,READY,nao
2026-03-20 02:52:26,26,6,50.06,107.47,74,94,3.48,23.24,4.05,125.16,1,1,1,92,READY,nao
2026-03-20 02:53:26,23,6,49.78,100.4,88,100,4.38,17.01,4.87,142.41,1,1,1,148,READY,nao
2026-03-20 02:54:26,28,12,46.47,83.94,66,110,3.37,17.56,2.7,115.94,1,1,1,172,READY,nao
2026-03-20 02:55:26,19,30,48.93,59.33,72,80,2.82,21.76,5.62,124.82,1,1,1,54,READY,nao
2026-03-20 02:56:26,33,9,47.97,70.63,93,103,4.6,22.51,5.19,134.68,1,1,1,154,READY,nao
2026-03-20 02:57:26,23,-2,49.35,43.26,89,85,3.73,18.94,3.97,127.41,1,1,1,122,READY,nao
2026-03-20 02:58:26,18,19,51.3,92.51,82,105,4.42,20.26,3.62,107.37,1,1,1,74,READY,nao
2026-03-20 02:59:26,35,19,49.67,53.8,76,81,3.06,13.87,6.22,109.71,1,1,1,69,READY,nao
2026-03-20 03:00:26,22,8,51.9,57.43,62,111,3.57,18.36,2.89,98.86,1,1,1,112,READY,nao
2026-03-20 03:01:26,18,24,48.0,79.55,84,83,3.35,16.57,7.33,109.8,1,1,1,180,READY,nao
2026-03-20 03:02:26,32,1,51.01,69.07,64,82,2.68,23.02,2.28,119.74,1,1,1,122,READY,nao
2026-03-20 03:03:26,18,14,47.34,69.19,75,105,3.73,21.42,7.19,116.12,1,1,1,97,READY,nao
2026-03-20 03:04:26,29,19,49.96,69.1,94,86,4.04,12.01,3.79,111.83,1,1,1,58,READY,nao
2026-03-20 03:05:26,31,28,49.72,63.97,61,118,3.58,9.48,3.88,142.24,1,1,1,136,READY,nao
2026-03-20 03:06:26,35,21,50.32,44.26,64,105,3.38,8.02,4.41,126.0,1,1,1,161,READY,nao
2026-03-20 03:07:26,28,12,48.03,85.83,100,99,4.75,21.76,6.67,107.0,1,1,1,50,READY,nao
2026-03-20 03:08:26,20,22,46.29,59.27,100,98,4.54,7.29,3.55,126.38,1,1,1,148,READY,nao
2026-03-20 03:09:26,18,13,50.89,64.37,74,98,3.69,12.99,4.1,113.85,1,1,1,73,READY,nao
2026-03-20 03:10:26,35,16,50.96,61.98,97,82,4.05,19.82,5.45,96.44,1,1,1,61,READY,nao
2026-03-20 03:11:26,20,16,49.61,111.64,82,84,3.42,11.85,5.09,120.97,1,1,1,140,READY,nao
2026-03-20 03:12:26,33,29,46.13,74.09,69,94,2.99,14.03,2.99,118.94,1,1,1,111,READY,nao
2026-03-20 03:13:26,32,16,50.4,109.52,95,114,5.46,10.48,7.74,95.86,1,1,1,101,READY,nao
2026-03-20 03:14:26,20,23,50.42,67.72,94,109,5.17,5.54,4.51,129.36,1,1,1,58,READY,nao
2026-03-20 03:15:26,30,25,48.38,70.58,77,103,3.84,20.06,5.85,103.31,1,1,1,128,READY,nao
2026-03-20 03:16:26,23,1,51.93,77.56,98,118,6.01,13.15,7.04,133.88,1,1,1,149,READY,nao
2026-03-20 03:17:26,29,-4,51.03,39.4,84,87,3.73,15.0,5.13,142.41,1,1,1,154,READY,nao
2026-03-20 03:18:26,29,11,46.83,36.78,63,101,2.98,5.35,6.13,136.03,1,1,1,127,READY,nao
2026-03-20 03:19:26,30,20,49.52,27.79,86,102,4.34,21.25,3.77,124.48,1,1,1,119,READY,nao
2026-03-20 03:20:26,20,14,46.44,65.43,96,94,4.19,19.98,6.34,137.74,1,1,1,88,READY,nao
2026-03-20 03:21:26,25,0,50.55,45.63,85,108,4.64,14.12,4.82,111.84,1,1,1,115,READY,nao
2026-03-20 03:22:26,19,-2,51.52,49.43,63,101,3.28,21.67,2.85,111.21,1,1,1,78,READY,nao
2026-03-20 03:23:26,23,9,48.3,51.77,84,107,4.34,18.7,2.41,132.61,1,1,1,125,READY,nao
2026-03-20 03:24:26,29,27,48.99,95.53,95,88,4.1,20.09,6.5,127.65,1,1,1,139,READY,nao
2026-03-20 03:25:26,18,5,46.76,42.92,79,96,3.55,14.72,6.35,135.03,1,1,1,125,READY,nao
2026-03-20 03:26:26,35,20,51.83,110.43,79,89,3.64,16.75,6.56,117.95,1,1,1,179,READY,nao
2026-03-20 03:27:26,27,8,49.21,74.34,68,114,3.82,17.88,3.74,139.25,1,1,1,128,READY,nao
2026-03-20 03:28:26,30,7,49.03,53.14,77,109,4.11,22.18,4.12,99.88,1,1,1,47,READY,nao
2026-03-20 03:29:26,20,19,49.34,113.28,85,88,3.69,14.64,2.48,130.76,1,1,1,144,READY,nao
2026-03-20 03:30:26,30,-5,51.46,70.81,82,107,4.52,22.9,3.51,120.7,1,1,1,64,READY,nao
2026-03-20 03:31:26,20,-5,46.85,48.94,63,104,3.07,15.84,4.17,129.89,1,1,1,96,READY,nao
2026-03-20 03:32:26,18,12,48.2,65.17,64,83,2.56,15.71,4.88,140.03,1,1,1,69,READY,nao
2026-03-20 03:33:26,32,11,50.23,85.43,67,114,3.84,11.88,5.86,123.51,1,1,1,57,READY,nao
2026-03-20 03:34:26,18,7,49.62,70.56,87,108,4.66,19.31,3.64,116.8,1,1,1,153,READY,nao
2026-03-20 03:35:26,35,17,47.36,39.97,86,96,3.91,7.22,4.46,95.34,1,1,1,155,READY,nao
2026-03-20 03:36:26,33,-3,50.11,60.55,70,83,2.91,17.77,6.29,99.03,1,1,1,76,READY,nao
2026-03-20 03:37:26,30,-4,47.84,111.81,71,101,3.43,21.58,5.27,113.93,1,1,1,67,READY,nao
2026-03-20 03:38:26,26,26,51.34,64.38,90,102,4.71,18.69,2.41,132.96,1,1,1,169,READY,nao
2026-03-20 03:39:26,32,13,47.87,62.13,69,82,2.71,10.78,6.6,121.58,1,1,1,124,READY,nao
2026-03-20 03:40:26,28,18,51.52,42.37,72,91,3.38,23.99,7.29,143.67,1,1,1,96,READY,nao
2026-03-20 03:41:26,19,16,49.4,100.41,96,100,4.74,7.26,4.28,133.92,1,1,1,131,READY,nao
2026-03-20 03:42:26,19,29,48.21,70.01,62,83,2.48,17.37,7.22,103.24,1,1,1,179,READY,nao
2026-03-20 03:43:26,29,0,48.14,23.03,81,106,4.13,7.95,7.27,141.77,1,1,1,155,READY,nao
2026-03-20 03:44:26,20,30,50.13,55.45,66,88,2.91,12.7,5.71,113.21,1,1,1,156,READY,nao
2026-03-20 03:45:26,18,13,51.28,110.45,64,101,3.31,11.76,7.99,123.8,1,1,1,73,READY,nao
2026-03-20 03:46:26,27,22,51.51,70.26,80,86,3.54,11.35,4.69,113.07,1,1,1,145,READY,nao
2026-03-20 03:47:26,27,21,50.2,103.59,69,107,3.71,9.21,3.94,129.73,1,1,1,166,READY,nao
2026-03-20 03:48:26,26,28,50.9,69.13,70,92,3.28,10.0,5.6,116.03,1,1,1,159,READY,nao
2026-03-20 03:49:26,34,17,51.16,27.31,62,116,3.68,7.31,3.17,129.76,1,1,1,65,READY,nao
2026-03-20 03:50:26,24,24,50.58,81.99,70,105,3.72,22.63,3.35,117.51,1,1,1,147,READY,nao
2026-03-20 03:51:26,25,-1,48.61,87.65,80,106,4.12,17.73,5.3,120.01,1,1,1,164,READY,nao
2026-03-20 03:52:26,24,-4,51.06,29.72,96,94,4.61,21.41,4.73,106.96,1,1,1,89,READY,nao
2026-03-20 03:53:26,30,1,46.94,28.2,69,101,3.27,13.93,5.32,107.51,1,1,1,85,READY,nao
2026-03-20 03:54:26,27,30,50.85,22.09,72,119,4.36,9.59,7.12,132.64,1,1,1,144,READY,nao
2026-03-20 03:55:26,33,2,49.1,76.2,66,107,3.47,22.01,4.04,100.54,1,1,1,128,READY,nao
2026-03-20 03:56:26,34,4,47.1,24.89,80,80,3.01,13.28,5.53,125.97,1,1,1,133,READY,nao
2026-03-20 03:57:26,23,18,46.12,68.33,96,114,5.05,21.5,4.22,123.68,1,1,1,141,READY,nao
2026-03-20 03:58:26,25,13,48.31,58.96,83,100,4.01,12.86,4.93,116.74,1,1,1,98,READY,nao
2026-03-20 03:59:26,18,12,49.24,99.8,91,88,3.94,20.59,3.83,101.31,1,1,1,92,READY,nao
2026-03-20 04:00:26,27,-5,46.21,83.24,89,100,4.11,22.42,5.62,125.92,1,1,1,50,READY,nao
2026-03-20 04:01:26,30,-5,48.3,102.23,63,84,2.56,24.68,5.11,140.88,1,1,1,71,READY,nao
2026-03-20 04:02:26,34,3,49.06,112.01,86,80,3.38,15.82,6.5,137.41,1,1,1,148,READY,nao
2026-03-20 04:03:26,25,1,46.37,67.46,63,81,2.37,22.83,4.9,133.34,1,1,1,63,READY,nao
2026-03-20 04:04:26,25,29,47.85,113.18,98,96,4.5,7.24,5.91,103.72,1,1,1,151,READY,nao
2026-03-20 04:05:26,27,23,46.33,65.44,63,114,3.33,7.49,4.93,123.37,1,1,1,96,READY,nao
2026-03-20 04:06:26,31,25,47.79,87.93,60,95,2.72,24.42,2.21,112.24,1,1,1,172,READY,nao
2026-03-20 04:07:26,29,24,47.24,109.18,90,96,4.08,11.97,4.14,134.16,1,1,1,150,READY,nao
2026-03-20 04:08:26,30,6,49.9,25.44,92,102,4.68,21.89,3.08,132.09,1,1,1,77,READY,nao
2026-03-20 04:09:26,33,13,46.49,49.06,89,83,3.43,14.22,2.67,100.18,1,1,1,123,READY,nao
2026-03-20 04:10:26,28,25,46.75,105.32,77,98,3.53,7.87,5.08,136.81,1,1,1,122,READY,nao
2026-03-20 04:11:26,19,1,46.3,103.56,99,87,3.99,5.44,5.91,115.32,1,1,1,145,READY,nao
2026-03-20 04:12:26,19,2,48.63,66.27,90,101,4.42,11.94,5.97,123.18,1,1,1,128,READY,nao
2026-03-20 04:13:26,27,26,49.9,49.28,82,103,4.21,17.59,3.65,110.4,1,1,1,150,READY,nao
2026-03-20 04:14:26,24,12,50.13,34.47,92,115,5.3,16.91,3.25,104.46,1,1,1,84,READY,nao
2026-03-20 04:15:26,35,4,48.72,100.63,92,85,3.81,13.85,3.71,128.19,1,1,1,117,READY,nao
2026-03-20 04:16:26,25,27,46.39,76.17,62,99,2.85,15.72,2.14,128.24,1,1,1,53,READY,nao
2026-03-20 04:17:26,28,21,46.22,88.37,85,86,3.38,7.35,4.39,110.38,1,1,1,101,READY,nao
2026-03-20 04:18:26,24,20,46.33,73.25,94,118,5.14,22.06,6.03,98.65,1,1,1,77,READY,nao
